Date,Time,Action,PosX,PosY,Button
2020-12-06,"22:25:34,712",MV,1174,490,None:
2020-12-06,"22:25:34,720",MV,1174,488,None:
2020-12-06,"22:25:34,728",MV,1174,485,None:
2020-12-06,"22:25:34,738",MV,1174,480,None:
2020-12-06,"22:25:34,744",MV,1173,474,None:
2020-12-06,"22:25:34,752",MV,1170,463,None:
2020-12-06,"22:25:34,760",MV,1169,456,None:
2020-12-06,"22:25:34,768",MV,1167,450,None:
2020-12-06,"22:25:34,776",MV,1166,443,None:
2020-12-06,"22:25:34,784",MV,1165,439,None:
2020-12-06,"22:25:34,792",MV,1164,433,None:
2020-12-06,"22:25:34,800",MV,1162,425,None:
2020-12-06,"22:25:34,808",MV,1162,412,None:
2020-12-06,"22:25:34,816",MV,1164,392,None:
2020-12-06,"22:25:34,824",MV,1166,370,None:
2020-12-06,"22:25:34,832",MV,1164,353,None:
2020-12-06,"22:25:34,842",MV,1159,337,None:
2020-12-06,"22:25:34,848",MV,1156,327,None:
2020-12-06,"22:25:34,856",MV,1151,320,None:
2020-12-06,"22:25:34,864",MV,1147,314,None:
2020-12-06,"22:25:34,872",MV,1144,312,None:
2020-12-06,"22:25:34,880",MV,1142,310,None:
2020-12-06,"22:25:34,888",MV,1140,310,None:
2020-12-06,"22:25:34,896",MV,1138,311,None:
2020-12-06,"22:25:34,906",MV,1135,314,None:
2020-12-06,"22:25:34,914",MV,1124,326,None:
2020-12-06,"22:25:34,922",MV,1110,342,None:
2020-12-06,"22:25:34,930",MV,1090,360,None:
2020-12-06,"22:25:34,938",MV,1070,378,None:
2020-12-06,"22:25:34,946",MV,1042,398,None:
2020-12-06,"22:25:34,954",MV,1010,418,None:
2020-12-06,"22:25:34,962",MV,982,434,None:
2020-12-06,"22:25:34,970",MV,952,448,None:
2020-12-06,"22:25:34,978",MV,906,468,None:
2020-12-06,"22:25:34,986",MV,882,476,None:
2020-12-06,"22:25:34,994",MV,842,486,None:
2020-12-06,"22:25:35,002",MV,798,496,None:
2020-12-06,"22:25:35,010",MV,746,502,None:
2020-12-06,"22:25:35,019",MV,710,506,None:
2020-12-06,"22:25:35,026",MV,654,512,None:
2020-12-06,"22:25:35,036",MV,596,516,None:
2020-12-06,"22:25:35,042",MV,558,520,None:
2020-12-06,"22:25:35,050",MV,506,528,None:
2020-12-06,"22:25:35,058",MV,478,534,None:
2020-12-06,"22:25:35,066",MV,444,544,None:
2020-12-06,"22:25:35,074",MV,422,554,None:
2020-12-06,"22:25:35,082",MV,409,562,None:
2020-12-06,"22:25:35,090",MV,401,566,None:
2020-12-06,"22:25:35,098",MV,399,569,None:
2020-12-06,"22:25:35,106",MV,398,569,None:
2020-12-06,"22:25:35,162",MV,398,568,None:
2020-12-06,"22:25:35,178",MV,398,567,None:
2020-12-06,"22:25:35,186",MV,398,566,None:
2020-12-06,"22:25:35,196",MV,399,566,None:
2020-12-06,"22:25:35,204",MV,399,565,None:
2020-12-06,"22:25:35,212",MV,399,564,None:
2020-12-06,"22:25:35,276",MV,399,563,None:
2020-12-06,"22:25:35,284",MV,400,563,None:
2020-12-06,"22:25:35,300",MV,400,562,None:
2020-12-06,"22:25:35,308",MV,401,562,None:
2020-12-06,"22:25:35,316",MV,401,561,None:
2020-12-06,"22:25:35,348",MV,402,561,None:
2020-12-06,"22:25:35,389",CLK,402,561,Button.left
2020-12-06,"22:25:35,436",RLS,402,561,Button.left
2020-12-06,"22:25:35,606",MV,402,562,None:
2020-12-06,"22:25:35,614",MV,402,563,None:
2020-12-06,"22:25:35,622",MV,402,567,None:
2020-12-06,"22:25:35,630",MV,402,569,None:
2020-12-06,"22:25:35,638",MV,402,574,None:
2020-12-06,"22:25:35,646",MV,402,577,None:
2020-12-06,"22:25:35,654",MV,402,582,None:
2020-12-06,"22:25:35,662",MV,402,586,None:
2020-12-06,"22:25:35,670",MV,401,591,None:
2020-12-06,"22:25:35,678",MV,400,594,None:
2020-12-06,"22:25:35,686",MV,398,599,None:
2020-12-06,"22:25:35,694",MV,397,603,None:
2020-12-06,"22:25:35,702",MV,396,605,None:
2020-12-06,"22:25:35,710",MV,396,607,None:
2020-12-06,"22:25:35,711",SCRD,396,607,None
2020-12-06,"22:25:35,718",MV,395,609,None:
2020-12-06,"22:25:35,726",MV,395,610,None:
2020-12-06,"22:25:35,734",MV,394,612,None:
2020-12-06,"22:25:35,742",MV,394,613,None:
2020-12-06,"22:25:35,743",SCRD,394,613,None
2020-12-06,"22:25:35,750",MV,393,617,None:
2020-12-06,"22:25:35,758",MV,392,619,None:
2020-12-06,"22:25:35,766",MV,391,623,None:
2020-12-06,"22:25:35,767",SCRD,391,623,None
2020-12-06,"22:25:35,774",MV,390,627,None:
2020-12-06,"22:25:35,784",MV,389,631,None:
2020-12-06,"22:25:35,792",MV,388,638,None:
2020-12-06,"22:25:35,793",SCRD,388,638,None
2020-12-06,"22:25:35,800",MV,387,643,None:
2020-12-06,"22:25:35,808",MV,386,647,None:
2020-12-06,"22:25:35,814",MV,386,650,None:
2020-12-06,"22:25:35,814",SCRD,386,650,None
2020-12-06,"22:25:35,824",MV,384,655,None:
2020-12-06,"22:25:35,832",MV,384,657,None:
2020-12-06,"22:25:35,840",MV,383,660,None:
2020-12-06,"22:25:35,848",MV,383,663,None:
2020-12-06,"22:25:35,856",MV,382,666,None:
2020-12-06,"22:25:35,866",MV,382,667,None:
2020-12-06,"22:25:35,867",SCRD,382,667,None
2020-12-06,"22:25:35,880",MV,382,668,None:
2020-12-06,"22:25:35,992",MV,382,668,None:
2020-12-06,"22:25:36,000",MV,382,668,None:
2020-12-06,"22:25:36,033",SCRU,382,668,None
2020-12-06,"22:25:36,040",MV,381,669,None:
2020-12-06,"22:25:36,049",SCRU,381,669,None
2020-12-06,"22:25:36,056",MV,381,670,None:
2020-12-06,"22:25:36,065",SCRU,381,670,None
2020-12-06,"22:25:36,083",SCRU,381,670,None
2020-12-06,"22:25:36,107",SCRU,381,670,None
2020-12-06,"22:25:36,218",MV,380,671,None:
2020-12-06,"22:25:36,234",MV,380,671,None:
2020-12-06,"22:25:36,242",MV,379,671,None:
2020-12-06,"22:25:36,250",MV,379,672,None:
2020-12-06,"22:25:36,258",MV,378,673,None:
2020-12-06,"22:25:36,266",MV,378,674,None:
2020-12-06,"22:25:36,274",MV,376,676,None:
2020-12-06,"22:25:36,282",MV,373,680,None:
2020-12-06,"22:25:36,290",MV,371,682,None:
2020-12-06,"22:25:36,298",MV,366,685,None:
2020-12-06,"22:25:36,306",MV,361,690,None:
2020-12-06,"22:25:36,314",MV,354,697,None:
2020-12-06,"22:25:36,322",MV,343,706,None:
2020-12-06,"22:25:36,330",MV,332,714,None:
2020-12-06,"22:25:36,338",MV,321,722,None:
2020-12-06,"22:25:36,348",MV,300,738,None:
2020-12-06,"22:25:36,356",MV,278,752,None:
2020-12-06,"22:25:36,364",MV,256,768,None:
2020-12-06,"22:25:36,370",MV,232,782,None:
2020-12-06,"22:25:36,380",MV,216,793,None:
2020-12-06,"22:25:36,388",MV,189,807,None:
2020-12-06,"22:25:36,396",MV,171,819,None:
2020-12-06,"22:25:36,404",MV,145,835,None:
2020-12-06,"22:25:36,412",MV,127,845,None:
2020-12-06,"22:25:36,420",MV,101,861,None:
2020-12-06,"22:25:36,428",MV,90,868,None:
2020-12-06,"22:25:36,436",MV,82,876,None:
2020-12-06,"22:25:36,444",MV,75,881,None:
2020-12-06,"22:25:36,452",MV,69,884,None:
2020-12-06,"22:25:36,460",MV,64,890,None:
2020-12-06,"22:25:36,468",MV,62,891,None:
2020-12-06,"22:25:36,476",MV,61,892,None:
2020-12-06,"22:25:36,484",MV,61,893,None:
2020-12-06,"22:25:36,500",MV,61,894,None:
2020-12-06,"22:25:36,516",MV,62,894,None:
2020-12-06,"22:25:36,524",MV,62,893,None:
2020-12-06,"22:25:36,532",MV,64,893,None:
2020-12-06,"22:25:36,540",MV,64,892,None:
2020-12-06,"22:25:36,548",MV,66,891,None:
2020-12-06,"22:25:36,556",MV,66,890,None:
2020-12-06,"22:25:36,572",MV,67,890,None:
2020-12-06,"22:25:36,580",MV,68,890,None:
2020-12-06,"22:25:36,596",MV,69,889,None:
2020-12-06,"22:25:36,604",MV,71,889,None:
2020-12-06,"22:25:36,613",MV,72,889,None:
2020-12-06,"22:25:36,620",MV,75,888,None:
2020-12-06,"22:25:36,628",MV,77,887,None:
2020-12-06,"22:25:36,636",MV,81,887,None:
2020-12-06,"22:25:36,646",MV,83,887,None:
2020-12-06,"22:25:36,654",MV,93,887,None:
2020-12-06,"22:25:36,662",MV,99,888,None:
2020-12-06,"22:25:36,670",MV,112,891,None:
2020-12-06,"22:25:36,678",MV,128,895,None:
2020-12-06,"22:25:36,686",MV,142,897,None:
2020-12-06,"22:25:36,694",MV,154,897,None:
2020-12-06,"22:25:36,702",MV,159,897,None:
2020-12-06,"22:25:36,710",MV,166,897,None:
2020-12-06,"22:25:36,718",MV,170,897,None:
2020-12-06,"22:25:36,726",MV,172,896,None:
2020-12-06,"22:25:36,734",MV,174,895,None:
2020-12-06,"22:25:36,742",MV,175,895,None:
2020-12-06,"22:25:36,750",MV,175,894,None:
2020-12-06,"22:25:36,758",MV,176,894,None:
2020-12-06,"22:25:36,897",CLK,176,894,Button.left
2020-12-06,"22:25:36,969",RLS,176,894,Button.left
2020-12-06,"22:25:37,088",MV,177,894,None:
2020-12-06,"22:25:37,096",MV,178,894,None:
2020-12-06,"22:25:37,112",MV,179,894,None:
2020-12-06,"22:25:37,120",MV,180,895,None:
2020-12-06,"22:25:37,128",MV,181,896,None:
2020-12-06,"22:25:37,136",MV,182,897,None:
2020-12-06,"22:25:37,144",MV,184,898,None:
2020-12-06,"22:25:37,152",MV,186,899,None:
2020-12-06,"22:25:37,160",MV,188,900,None:
2020-12-06,"22:25:37,168",MV,190,901,None:
2020-12-06,"22:25:37,176",MV,192,903,None:
2020-12-06,"22:25:37,186",MV,193,904,None:
2020-12-06,"22:25:37,196",MV,195,906,None:
2020-12-06,"22:25:37,200",MV,196,907,None:
2020-12-06,"22:25:37,210",MV,196,908,None:
2020-12-06,"22:25:37,218",MV,197,908,None:
2020-12-06,"22:25:51,622",MV,197,908,None:
2020-12-06,"22:25:51,628",MV,201,908,None:
2020-12-06,"22:25:51,636",MV,222,906,None:
2020-12-06,"22:25:51,644",MV,239,902,None:
2020-12-06,"22:25:51,652",MV,253,900,None:
2020-12-06,"22:25:51,660",MV,257,899,None:
2020-12-06,"22:25:51,668",MV,259,898,None:
2020-12-06,"22:25:51,676",MV,261,897,None:
2020-12-06,"22:25:51,684",MV,267,893,None:
2020-12-06,"22:25:51,694",MV,277,886,None:
2020-12-06,"22:25:51,702",MV,283,881,None:
2020-12-06,"22:25:51,710",MV,287,877,None:
2020-12-06,"22:25:51,718",MV,289,874,None:
2020-12-06,"22:25:51,726",MV,291,868,None:
2020-12-06,"22:25:51,734",MV,295,859,None:
2020-12-06,"22:25:51,742",MV,297,851,None:
2020-12-06,"22:25:51,750",MV,297,846,None:
2020-12-06,"22:25:51,758",MV,296,841,None:
2020-12-06,"22:25:51,766",MV,295,837,None:
2020-12-06,"22:25:51,774",MV,293,831,None:
2020-12-06,"22:25:51,782",MV,291,827,None:
2020-12-06,"22:25:51,790",MV,290,823,None:
2020-12-06,"22:25:51,791",SCRD,290,823,None
2020-12-06,"22:25:51,798",MV,290,822,None:
2020-12-06,"22:25:51,806",MV,289,820,None:
2020-12-06,"22:25:51,814",MV,289,818,None:
2020-12-06,"22:25:51,822",MV,289,815,None:
2020-12-06,"22:25:51,830",MV,291,809,None:
2020-12-06,"22:25:51,840",MV,295,806,None:
2020-12-06,"22:25:51,841",SCRD,295,806,None
2020-12-06,"22:25:51,846",MV,297,802,None:
2020-12-06,"22:25:51,854",MV,299,799,None:
2020-12-06,"22:25:51,854",SCRD,299,799,None
2020-12-06,"22:25:51,862",MV,301,798,None:
2020-12-06,"22:25:51,870",MV,303,796,None:
2020-12-06,"22:25:51,878",MV,304,796,None:
2020-12-06,"22:25:51,886",MV,305,796,None:
2020-12-06,"22:25:51,887",SCRD,305,796,None
2020-12-06,"22:25:51,894",MV,307,796,None:
2020-12-06,"22:25:51,902",MV,308,795,None:
2020-12-06,"22:25:51,910",MV,311,795,None:
2020-12-06,"22:25:51,911",SCRD,311,795,None
2020-12-06,"22:25:51,918",MV,312,795,None:
2020-12-06,"22:25:51,926",MV,315,795,None:
2020-12-06,"22:25:51,934",MV,321,792,None:
2020-12-06,"22:25:51,942",MV,327,791,None:
2020-12-06,"22:25:51,950",MV,334,789,None:
2020-12-06,"22:25:51,958",MV,340,787,None:
2020-12-06,"22:25:51,968",MV,351,785,None:
2020-12-06,"22:25:51,976",MV,360,782,None:
2020-12-06,"22:25:51,982",MV,376,774,None:
2020-12-06,"22:25:51,983",SCRD,376,774,None
2020-12-06,"22:25:51,990",MV,392,770,None:
2020-12-06,"22:25:52,000",MV,411,763,None:
2020-12-06,"22:25:52,008",MV,426,758,None:
2020-12-06,"22:25:52,016",MV,440,753,None:
2020-12-06,"22:25:52,024",MV,458,745,None:
2020-12-06,"22:25:52,032",MV,478,739,None:
2020-12-06,"22:25:52,040",MV,498,731,None:
2020-12-06,"22:25:52,048",MV,532,721,None:
2020-12-06,"22:25:52,056",MV,554,715,None:
2020-12-06,"22:25:52,064",MV,574,711,None:
2020-12-06,"22:25:52,072",MV,591,706,None:
2020-12-06,"22:25:52,080",MV,611,700,None:
2020-12-06,"22:25:52,088",MV,628,694,None:
2020-12-06,"22:25:52,096",MV,647,688,None:
2020-12-06,"22:25:52,104",MV,667,682,None:
2020-12-06,"22:25:52,112",MV,678,679,None:
2020-12-06,"22:25:52,120",MV,692,674,None:
2020-12-06,"22:25:52,128",MV,702,671,None:
2020-12-06,"22:25:52,136",MV,709,668,None:
2020-12-06,"22:25:52,146",MV,718,665,None:
2020-12-06,"22:25:52,152",MV,722,664,None:
2020-12-06,"22:25:52,160",MV,724,662,None:
2020-12-06,"22:25:52,168",MV,726,661,None:
2020-12-06,"22:25:52,176",MV,728,660,None:
2020-12-06,"22:25:52,184",MV,729,659,None:
2020-12-06,"22:25:52,192",MV,730,658,None:
2020-12-06,"22:25:52,200",MV,730,657,None:
2020-12-06,"22:25:52,208",MV,731,656,None:
2020-12-06,"22:25:52,314",MV,731,655,None:
2020-12-06,"22:25:52,379",SCRU,731,655,None
2020-12-06,"22:25:52,402",SCRU,731,655,None
2020-12-06,"22:25:52,427",SCRU,731,655,None
2020-12-06,"22:25:52,469",SCRU,731,655,None
2020-12-06,"22:25:52,531",SCRU,731,655,None
2020-12-06,"22:25:52,556",MV,732,655,None:
2020-12-06,"22:25:52,628",MV,732,655,None:
2020-12-06,"22:25:52,636",MV,733,654,None:
2020-12-06,"22:25:52,644",MV,736,654,None:
2020-12-06,"22:25:52,652",MV,742,652,None:
2020-12-06,"22:25:52,660",MV,748,650,None:
2020-12-06,"22:25:52,668",MV,754,649,None:
2020-12-06,"22:25:52,676",MV,766,648,None:
2020-12-06,"22:25:52,684",MV,777,648,None:
2020-12-06,"22:25:52,692",MV,792,648,None:
2020-12-06,"22:25:52,700",MV,808,648,None:
2020-12-06,"22:25:52,708",MV,822,648,None:
2020-12-06,"22:25:52,716",MV,836,648,None:
2020-12-06,"22:25:52,724",MV,849,648,None:
2020-12-06,"22:25:52,732",MV,862,648,None:
2020-12-06,"22:25:52,740",MV,875,648,None:
2020-12-06,"22:25:52,748",MV,885,648,None:
2020-12-06,"22:25:52,756",MV,895,648,None:
2020-12-06,"22:25:52,764",MV,900,648,None:
2020-12-06,"22:25:52,772",MV,907,648,None:
2020-12-06,"22:25:52,780",MV,914,648,None:
2020-12-06,"22:25:52,788",MV,917,648,None:
2020-12-06,"22:25:52,796",MV,922,649,None:
2020-12-06,"22:25:52,804",MV,923,649,None:
2020-12-06,"22:25:52,870",MV,924,649,None:
2020-12-06,"22:25:52,878",MV,924,650,None:
2020-12-06,"22:25:52,886",MV,925,651,None:
2020-12-06,"22:25:52,895",SCRD,925,651,None
2020-12-06,"22:25:52,902",MV,926,652,None:
2020-12-06,"22:25:52,910",MV,926,653,None:
2020-12-06,"22:25:52,919",SCRD,926,653,None
2020-12-06,"22:25:52,926",MV,927,654,None:
2020-12-06,"22:25:52,934",MV,928,654,None:
2020-12-06,"22:25:52,998",MV,928,655,None:
2020-12-06,"22:25:53,022",MV,928,655,None:
2020-12-06,"22:25:53,030",MV,928,656,None:
2020-12-06,"22:25:53,038",MV,929,656,None:
2020-12-06,"22:25:53,046",MV,930,657,None:
2020-12-06,"22:25:53,054",MV,931,657,None:
2020-12-06,"22:25:53,062",MV,933,657,None:
2020-12-06,"22:25:53,070",MV,934,658,None:
2020-12-06,"22:25:53,078",MV,935,658,None:
2020-12-06,"22:25:53,086",MV,937,658,None:
2020-12-06,"22:25:53,094",MV,942,659,None:
2020-12-06,"22:25:53,102",MV,946,660,None:
2020-12-06,"22:25:53,112",MV,949,660,None:
2020-12-06,"22:25:53,120",MV,961,660,None:
2020-12-06,"22:25:53,128",MV,969,660,None:
2020-12-06,"22:25:53,134",MV,976,660,None:
2020-12-06,"22:25:53,144",MV,993,660,None:
2020-12-06,"22:25:53,152",MV,1009,660,None:
2020-12-06,"22:25:53,160",MV,1017,660,None:
2020-12-06,"22:25:53,170",MV,1032,660,None:
2020-12-06,"22:25:53,176",MV,1051,660,None:
2020-12-06,"22:25:53,184",MV,1060,660,None:
2020-12-06,"22:25:53,192",MV,1080,660,None:
2020-12-06,"22:25:53,200",MV,1091,660,None:
2020-12-06,"22:25:53,208",MV,1112,660,None:
2020-12-06,"22:25:53,216",MV,1134,660,None:
2020-12-06,"22:25:53,224",MV,1142,660,None:
2020-12-06,"22:25:53,232",MV,1158,660,None:
2020-12-06,"22:25:53,240",MV,1164,660,None:
2020-12-06,"22:25:53,248",MV,1169,660,None:
2020-12-06,"22:25:53,256",MV,1176,660,None:
2020-12-06,"22:25:53,264",MV,1178,660,None:
2020-12-06,"22:25:53,328",MV,1178,661,None:
2020-12-06,"22:25:53,336",MV,1178,662,None:
2020-12-06,"22:25:53,344",MV,1178,663,None:
2020-12-06,"22:25:53,352",MV,1177,663,None:
2020-12-06,"22:25:53,360",MV,1176,666,None:
2020-12-06,"22:25:53,368",MV,1174,668,None:
2020-12-06,"22:25:53,378",MV,1173,670,None:
2020-12-06,"22:25:53,386",MV,1169,674,None:
2020-12-06,"22:25:53,394",MV,1167,678,None:
2020-12-06,"22:25:53,400",MV,1163,680,None:
2020-12-06,"22:25:53,408",MV,1158,682,None:
2020-12-06,"22:25:53,416",MV,1152,685,None:
2020-12-06,"22:25:53,426",MV,1143,685,None:
2020-12-06,"22:25:53,434",MV,1129,686,None:
2020-12-06,"22:25:53,442",MV,1105,686,None:
2020-12-06,"22:25:53,450",MV,1077,684,None:
2020-12-06,"22:25:53,458",MV,1057,680,None:
2020-12-06,"22:25:53,466",MV,1035,678,None:
2020-12-06,"22:25:53,474",MV,1013,678,None:
2020-12-06,"22:25:53,482",MV,993,678,None:
2020-12-06,"22:25:53,490",MV,968,680,None:
2020-12-06,"22:25:53,498",MV,942,686,None:
2020-12-06,"22:25:53,506",MV,918,694,None:
2020-12-06,"22:25:53,514",MV,892,702,None:
2020-12-06,"22:25:53,522",MV,868,708,None:
2020-12-06,"22:25:53,530",MV,842,714,None:
2020-12-06,"22:25:53,538",MV,828,718,None:
2020-12-06,"22:25:53,546",MV,819,720,None:
2020-12-06,"22:25:53,554",MV,814,720,None:
2020-12-06,"22:25:53,580",MV,813,720,None:
2020-12-06,"22:25:53,586",MV,813,719,None:
2020-12-06,"22:25:53,594",MV,812,719,None:
2020-12-06,"22:25:53,602",MV,811,717,None:
2020-12-06,"22:25:53,610",MV,810,713,None:
2020-12-06,"22:25:53,618",MV,809,709,None:
2020-12-06,"22:25:53,626",MV,807,706,None:
2020-12-06,"22:25:53,634",MV,807,702,None:
2020-12-06,"22:25:53,642",MV,806,700,None:
2020-12-06,"22:25:53,650",MV,806,696,None:
2020-12-06,"22:25:53,658",MV,806,691,None:
2020-12-06,"22:25:53,668",MV,806,689,None:
2020-12-06,"22:25:53,676",MV,806,686,None:
2020-12-06,"22:25:53,686",MV,806,683,None:
2020-12-06,"22:25:53,692",MV,806,680,None:
2020-12-06,"22:25:53,698",MV,806,677,None:
2020-12-06,"22:25:53,706",MV,806,676,None:
2020-12-06,"22:25:53,716",MV,806,675,None:
2020-12-06,"22:25:53,724",MV,805,674,None:
2020-12-06,"22:25:53,732",MV,805,673,None:
2020-12-06,"22:25:53,740",MV,803,671,None:
2020-12-06,"22:25:53,748",MV,802,670,None:
2020-12-06,"22:25:53,756",MV,800,668,None:
2020-12-06,"22:25:53,764",MV,798,665,None:
2020-12-06,"22:25:53,772",MV,796,663,None:
2020-12-06,"22:25:53,780",MV,793,659,None:
2020-12-06,"22:25:53,788",MV,788,655,None:
2020-12-06,"22:25:53,796",MV,787,653,None:
2020-12-06,"22:25:53,804",MV,781,649,None:
2020-12-06,"22:25:53,812",MV,774,645,None:
2020-12-06,"22:25:53,820",MV,764,641,None:
2020-12-06,"22:25:53,828",MV,760,639,None:
2020-12-06,"22:25:53,836",MV,751,635,None:
2020-12-06,"22:25:53,844",MV,740,634,None:
2020-12-06,"22:25:53,852",MV,736,633,None:
2020-12-06,"22:25:53,860",MV,729,633,None:
2020-12-06,"22:25:53,868",MV,722,631,None:
2020-12-06,"22:25:53,876",MV,719,631,None:
2020-12-06,"22:25:53,886",MV,711,631,None:
2020-12-06,"22:25:53,892",MV,707,631,None:
2020-12-06,"22:25:53,900",MV,696,630,None:
2020-12-06,"22:25:53,908",MV,689,630,None:
2020-12-06,"22:25:53,916",MV,673,628,None:
2020-12-06,"22:25:53,924",MV,665,627,None:
2020-12-06,"22:25:53,932",MV,642,623,None:
2020-12-06,"22:25:53,940",MV,629,621,None:
2020-12-06,"22:25:53,950",MV,604,618,None:
2020-12-06,"22:25:53,958",MV,576,614,None:
2020-12-06,"22:25:53,966",MV,550,614,None:
2020-12-06,"22:25:53,974",MV,524,614,None:
2020-12-06,"22:25:53,980",MV,498,614,None:
2020-12-06,"22:25:53,988",MV,474,614,None:
2020-12-06,"22:25:53,998",MV,465,615,None:
2020-12-06,"22:25:54,006",MV,448,617,None:
2020-12-06,"22:25:54,014",MV,428,619,None:
2020-12-06,"22:25:54,022",MV,406,621,None:
2020-12-06,"22:25:54,030",MV,400,621,None:
2020-12-06,"22:25:54,038",MV,387,622,None:
2020-12-06,"22:25:54,046",MV,377,624,None:
2020-12-06,"22:25:54,054",MV,374,625,None:
2020-12-06,"22:25:54,062",MV,368,626,None:
2020-12-06,"22:25:54,070",MV,367,626,None:
2020-12-06,"22:25:54,110",MV,366,626,None:
2020-12-06,"22:25:54,126",MV,366,626,None:
2020-12-06,"22:25:54,134",MV,366,625,None:
2020-12-06,"22:25:54,142",MV,365,625,None:
2020-12-06,"22:25:54,150",MV,365,624,None:
2020-12-06,"22:25:54,158",MV,364,624,None:
2020-12-06,"22:25:54,174",MV,363,624,None:
2020-12-06,"22:25:54,198",MV,362,624,None:
2020-12-06,"22:25:54,214",MV,361,624,None:
2020-12-06,"22:25:54,222",MV,360,624,None:
2020-12-06,"22:25:54,238",MV,359,625,None:
2020-12-06,"22:25:54,248",MV,359,626,None:
2020-12-06,"22:25:54,256",MV,359,627,None:
2020-12-06,"22:25:54,264",MV,359,629,None:
2020-12-06,"22:25:54,272",MV,359,632,None:
2020-12-06,"22:25:54,278",MV,360,635,None:
2020-12-06,"22:25:54,288",MV,361,638,None:
2020-12-06,"22:25:54,298",MV,362,641,None:
2020-12-06,"22:25:54,304",MV,363,644,None:
2020-12-06,"22:25:54,312",MV,366,645,None:
2020-12-06,"22:25:54,320",MV,368,648,None:
2020-12-06,"22:25:54,328",MV,371,650,None:
2020-12-06,"22:25:54,336",MV,373,651,None:
2020-12-06,"22:25:54,344",MV,375,652,None:
2020-12-06,"22:25:54,352",MV,377,652,None:
2020-12-06,"22:25:54,360",MV,380,652,None:
2020-12-06,"22:25:54,368",MV,382,652,None:
2020-12-06,"22:25:54,376",MV,387,652,None:
2020-12-06,"22:25:54,384",MV,392,652,None:
2020-12-06,"22:25:54,392",MV,395,652,None:
2020-12-06,"22:25:54,400",MV,398,651,None:
2020-12-06,"22:25:54,408",MV,401,650,None:
2020-12-06,"22:25:54,416",MV,403,649,None:
2020-12-06,"22:25:54,424",MV,404,649,None:
2020-12-06,"22:25:54,432",MV,404,648,None:
2020-12-06,"22:25:54,440",MV,405,647,None:
2020-12-06,"22:25:54,448",MV,406,646,None:
2020-12-06,"22:25:54,456",MV,407,645,None:
2020-12-06,"22:25:54,464",MV,408,645,None:
2020-12-06,"22:25:54,472",MV,409,644,None:
2020-12-06,"22:25:54,480",MV,410,643,None:
2020-12-06,"22:25:54,490",MV,411,641,None:
2020-12-06,"22:25:54,496",MV,412,640,None:
2020-12-06,"22:25:54,504",MV,413,639,None:
2020-12-06,"22:25:54,512",MV,415,638,None:
2020-12-06,"22:25:54,520",MV,416,637,None:
2020-12-06,"22:25:54,528",MV,417,637,None:
2020-12-06,"22:25:54,538",MV,418,636,None:
2020-12-06,"22:25:54,546",MV,420,636,None:
2020-12-06,"22:25:54,554",MV,421,635,None:
2020-12-06,"22:25:54,560",MV,422,635,None:
2020-12-06,"22:25:54,578",MV,423,635,None:
2020-12-06,"22:25:54,584",MV,423,634,None:
2020-12-06,"22:25:54,604",MV,424,634,None:
2020-12-06,"22:25:54,610",MV,425,635,None:
2020-12-06,"22:25:54,618",MV,426,635,None:
2020-12-06,"22:25:54,626",MV,427,635,None:
2020-12-06,"22:25:54,634",MV,428,636,None:
2020-12-06,"22:25:54,642",MV,429,636,None:
2020-12-06,"22:25:54,650",MV,430,636,None:
2020-12-06,"22:25:54,714",MV,430,637,None:
2020-12-06,"22:25:54,722",MV,430,638,None:
2020-12-06,"22:25:54,730",MV,430,639,None:
2020-12-06,"22:25:54,738",MV,431,639,None:
2020-12-06,"22:25:54,746",MV,431,640,None:
2020-12-06,"22:25:54,754",MV,431,641,None:
2020-12-06,"22:25:54,770",MV,431,642,None:
2020-12-06,"22:25:54,778",MV,432,643,None:
2020-12-06,"22:25:54,786",MV,434,645,None:
2020-12-06,"22:25:54,794",MV,437,648,None:
2020-12-06,"22:25:54,804",MV,440,650,None:
2020-12-06,"22:25:54,812",MV,443,651,None:
2020-12-06,"22:25:54,820",MV,445,653,None:
2020-12-06,"22:25:54,826",MV,447,653,None:
2020-12-06,"22:25:54,834",MV,448,653,None:
2020-12-06,"22:25:54,842",MV,448,654,None:
2020-12-06,"22:25:54,909",CLK,448,654,Button.left
2020-12-06,"22:25:54,964",MV,447,653,None:
2020-12-06,"22:25:54,972",MV,445,652,None:
2020-12-06,"22:25:54,980",MV,441,650,None:
2020-12-06,"22:25:54,988",MV,439,649,None:
2020-12-06,"22:25:54,996",MV,432,646,None:
2020-12-06,"22:25:55,004",MV,421,641,None:
2020-12-06,"22:25:55,014",MV,416,640,None:
2020-12-06,"22:25:55,020",MV,406,637,None:
2020-12-06,"22:25:55,028",MV,391,635,None:
2020-12-06,"22:25:55,036",MV,386,634,None:
2020-12-06,"22:25:55,044",MV,370,631,None:
2020-12-06,"22:25:55,053",MV,362,629,None:
2020-12-06,"22:25:55,060",MV,346,626,None:
2020-12-06,"22:25:55,068",MV,327,624,None:
2020-12-06,"22:25:55,076",MV,319,624,None:
2020-12-06,"22:25:55,084",MV,305,622,None:
2020-12-06,"22:25:55,092",MV,297,622,None:
2020-12-06,"22:25:55,100",MV,281,621,None:
2020-12-06,"22:25:55,110",MV,276,621,None:
2020-12-06,"22:25:55,118",MV,270,621,None:
2020-12-06,"22:25:55,126",MV,254,619,None:
2020-12-06,"22:25:55,134",MV,244,619,None:
2020-12-06,"22:25:55,140",MV,223,617,None:
2020-12-06,"22:25:55,150",MV,215,617,None:
2020-12-06,"22:25:55,158",MV,209,617,None:
2020-12-06,"22:25:55,166",MV,197,616,None:
2020-12-06,"22:25:55,174",MV,191,616,None:
2020-12-06,"22:25:55,182",MV,179,616,None:
2020-12-06,"22:25:55,190",MV,174,616,None:
2020-12-06,"22:25:55,198",MV,171,616,None:
2020-12-06,"22:25:55,208",MV,168,616,None:
2020-12-06,"22:25:55,214",MV,157,618,None:
2020-12-06,"22:25:55,222",MV,152,619,None:
2020-12-06,"22:25:55,230",MV,150,619,None:
2020-12-06,"22:25:55,238",MV,147,620,None:
2020-12-06,"22:25:55,246",MV,146,621,None:
2020-12-06,"22:25:55,254",MV,145,621,None:
2020-12-06,"22:25:55,262",MV,144,621,None:
2020-12-06,"22:25:55,270",MV,143,622,None:
2020-12-06,"22:25:55,286",MV,141,622,None:
2020-12-06,"22:25:55,294",MV,140,622,None:
2020-12-06,"22:25:55,302",MV,138,623,None:
2020-12-06,"22:25:55,310",MV,135,623,None:
2020-12-06,"22:25:55,322",MV,134,623,None:
2020-12-06,"22:25:55,326",MV,133,624,None:
2020-12-06,"22:25:55,334",MV,132,624,None:
2020-12-06,"22:25:55,342",MV,131,624,None:
2020-12-06,"22:25:55,350",MV,130,624,None:
2020-12-06,"22:25:55,358",MV,128,624,None:
2020-12-06,"22:25:55,366",MV,127,625,None:
2020-12-06,"22:25:55,374",MV,125,625,None:
2020-12-06,"22:25:55,384",MV,124,625,None:
2020-12-06,"22:25:55,392",MV,122,625,None:
2020-12-06,"22:25:55,722",MV,122,626,None:
2020-12-06,"22:25:55,730",MV,122,627,None:
2020-12-06,"22:25:55,738",MV,124,629,None:
2020-12-06,"22:25:55,746",MV,126,630,None:
2020-12-06,"22:25:55,754",MV,128,631,None:
2020-12-06,"22:25:55,762",MV,129,632,None:
2020-12-06,"22:25:55,770",MV,130,632,None:
2020-12-06,"22:25:55,778",MV,132,634,None:
2020-12-06,"22:25:55,786",MV,133,634,None:
2020-12-06,"22:25:55,794",MV,133,635,None:
2020-12-06,"22:25:55,802",MV,134,635,None:
2020-12-06,"22:25:55,826",MV,135,635,None:
2020-12-06,"22:25:56,245",RLS,135,635,Button.left
2020-12-06,"22:25:56,294",MV,136,635,None:
2020-12-06,"22:25:56,302",MV,137,636,None:
2020-12-06,"22:25:56,310",MV,138,636,None:
2020-12-06,"22:25:56,318",MV,142,637,None:
2020-12-06,"22:25:56,326",MV,144,637,None:
2020-12-06,"22:25:56,334",MV,148,638,None:
2020-12-06,"22:25:56,346",MV,154,639,None:
2020-12-06,"22:25:56,350",MV,161,641,None:
2020-12-06,"22:25:56,358",MV,166,641,None:
2020-12-06,"22:25:56,366",MV,171,642,None:
2020-12-06,"22:25:56,374",MV,176,642,None:
2020-12-06,"22:25:56,382",MV,182,643,None:
2020-12-06,"22:25:56,390",MV,185,643,None:
2020-12-06,"22:25:56,398",MV,189,644,None:
2020-12-06,"22:25:56,406",MV,194,644,None:
2020-12-06,"22:25:56,414",MV,197,645,None:
2020-12-06,"22:25:56,422",MV,200,645,None:
2020-12-06,"22:25:56,430",MV,204,646,None:
2020-12-06,"22:25:56,438",MV,206,646,None:
2020-12-06,"22:25:56,446",MV,208,646,None:
2020-12-06,"22:25:56,454",MV,210,647,None:
2020-12-06,"22:25:56,462",MV,213,648,None:
2020-12-06,"22:25:56,470",MV,215,648,None:
2020-12-06,"22:25:56,478",MV,218,649,None:
2020-12-06,"22:25:56,486",MV,221,650,None:
2020-12-06,"22:25:56,494",MV,226,651,None:
2020-12-06,"22:25:56,502",MV,229,652,None:
2020-12-06,"22:25:56,512",MV,231,652,None:
2020-12-06,"22:25:56,518",MV,234,653,None:
2020-12-06,"22:25:56,526",MV,236,653,None:
2020-12-06,"22:25:56,534",MV,237,653,None:
2020-12-06,"22:25:56,544",MV,238,653,None:
2020-12-06,"22:25:56,552",MV,239,653,None:
2020-12-06,"22:25:56,558",MV,240,653,None:
2020-12-06,"22:25:56,576",MV,241,653,None:
2020-12-06,"22:25:56,736",MV,240,653,None:
2020-12-06,"22:25:56,841",CLK,240,653,Button.left
2020-12-06,"22:25:56,906",RLS,240,653,Button.left
2020-12-06,"22:25:56,978",MV,241,653,None:
2020-12-06,"22:25:56,986",MV,243,653,None:
2020-12-06,"22:25:56,994",MV,247,654,None:
2020-12-06,"22:25:57,002",MV,254,655,None:
2020-12-06,"22:25:57,010",MV,263,658,None:
2020-12-06,"22:25:57,018",MV,277,659,None:
2020-12-06,"22:25:57,026",MV,291,659,None:
2020-12-06,"22:25:57,034",MV,305,659,None:
2020-12-06,"22:25:57,042",MV,316,659,None:
2020-12-06,"22:25:57,050",MV,324,659,None:
2020-12-06,"22:25:57,060",MV,338,659,None:
2020-12-06,"22:25:57,066",MV,343,659,None:
2020-12-06,"22:25:57,076",MV,351,659,None:
2020-12-06,"22:25:57,084",MV,357,658,None:
2020-12-06,"22:25:57,090",MV,362,657,None:
2020-12-06,"22:25:57,098",MV,366,657,None:
2020-12-06,"22:25:57,106",MV,369,656,None:
2020-12-06,"22:25:57,114",MV,370,656,None:
2020-12-06,"22:25:57,124",MV,371,656,None:
2020-12-06,"22:25:57,130",MV,372,655,None:
2020-12-06,"22:25:57,204",MV,373,655,None:
2020-12-06,"22:25:57,212",MV,374,655,None:
2020-12-06,"22:25:57,220",MV,377,655,None:
2020-12-06,"22:25:57,228",MV,378,655,None:
2020-12-06,"22:25:57,236",MV,381,655,None:
2020-12-06,"22:25:57,244",MV,384,655,None:
2020-12-06,"22:25:57,252",MV,386,655,None:
2020-12-06,"22:25:57,260",MV,389,655,None:
2020-12-06,"22:25:57,268",MV,390,655,None:
2020-12-06,"22:25:57,276",MV,395,654,None:
2020-12-06,"22:25:57,284",MV,399,653,None:
2020-12-06,"22:25:57,292",MV,401,653,None:
2020-12-06,"22:25:57,300",MV,406,652,None:
2020-12-06,"22:25:57,308",MV,409,652,None:
2020-12-06,"22:25:57,316",MV,414,651,None:
2020-12-06,"22:25:57,324",MV,419,649,None:
2020-12-06,"22:25:57,332",MV,420,649,None:
2020-12-06,"22:25:57,340",MV,423,648,None:
2020-12-06,"22:25:57,348",MV,424,648,None:
2020-12-06,"22:25:57,356",MV,425,648,None:
2020-12-06,"22:25:57,366",MV,425,647,None:
2020-12-06,"22:25:57,374",MV,426,647,None:
2020-12-06,"22:25:57,382",MV,427,647,None:
2020-12-06,"22:25:57,396",MV,428,647,None:
2020-12-06,"22:25:57,422",MV,428,647,None:
2020-12-06,"22:25:57,430",MV,429,647,None:
2020-12-06,"22:25:57,446",MV,430,647,None:
2020-12-06,"22:25:57,454",MV,431,647,None:
2020-12-06,"22:25:57,462",MV,434,647,None:
2020-12-06,"22:25:57,470",MV,436,647,None:
2020-12-06,"22:25:57,478",MV,439,647,None:
2020-12-06,"22:25:57,486",MV,442,647,None:
2020-12-06,"22:25:57,494",MV,443,647,None:
2020-12-06,"22:25:57,502",MV,444,647,None:
2020-12-06,"22:25:57,510",MV,445,647,None:
2020-12-06,"22:25:57,606",MV,446,647,None:
2020-12-06,"22:25:57,616",MV,446,647,None:
2020-12-06,"22:25:57,622",MV,447,647,None:
2020-12-06,"22:25:57,630",MV,448,648,None:
2020-12-06,"22:25:57,640",MV,449,648,None:
2020-12-06,"22:25:57,646",MV,450,649,None:
2020-12-06,"22:25:57,737",CLK,450,649,Button.left
2020-12-06,"22:25:57,760",MV,450,649,None:
2020-12-06,"22:25:57,768",MV,450,649,None:
2020-12-06,"22:25:57,778",MV,449,649,None:
2020-12-06,"22:25:57,784",MV,447,649,None:
2020-12-06,"22:25:57,792",MV,445,649,None:
2020-12-06,"22:25:57,800",MV,440,649,None:
2020-12-06,"22:25:57,808",MV,437,649,None:
2020-12-06,"22:25:57,816",MV,432,649,None:
2020-12-06,"22:25:57,824",MV,425,648,None:
2020-12-06,"22:25:57,832",MV,423,648,None:
2020-12-06,"22:25:57,840",MV,418,648,None:
2020-12-06,"22:25:57,848",MV,416,648,None:
2020-12-06,"22:25:57,856",MV,409,648,None:
2020-12-06,"22:25:57,864",MV,402,648,None:
2020-12-06,"22:25:57,872",MV,399,648,None:
2020-12-06,"22:25:57,880",MV,390,648,None:
2020-12-06,"22:25:57,888",MV,383,648,None:
2020-12-06,"22:25:57,896",MV,367,650,None:
2020-12-06,"22:25:57,904",MV,357,650,None:
2020-12-06,"22:25:57,912",MV,343,651,None:
2020-12-06,"22:25:57,920",MV,329,653,None:
2020-12-06,"22:25:57,928",MV,318,656,None:
2020-12-06,"22:25:57,938",MV,313,656,None:
2020-12-06,"22:25:57,946",MV,306,658,None:
2020-12-06,"22:25:57,954",MV,295,659,None:
2020-12-06,"22:25:57,960",MV,281,659,None:
2020-12-06,"22:25:57,968",MV,277,659,None:
2020-12-06,"22:25:57,978",MV,267,659,None:
2020-12-06,"22:25:57,986",MV,262,659,None:
2020-12-06,"22:25:57,994",MV,248,657,None:
2020-12-06,"22:25:58,002",MV,236,657,None:
2020-12-06,"22:25:58,010",MV,231,656,None:
2020-12-06,"22:25:58,018",MV,223,656,None:
2020-12-06,"22:25:58,026",MV,221,656,None:
2020-12-06,"22:25:58,034",MV,214,655,None:
2020-12-06,"22:25:58,042",MV,212,655,None:
2020-12-06,"22:25:58,050",MV,206,654,None:
2020-12-06,"22:25:58,058",MV,204,654,None:
2020-12-06,"22:25:58,067",MV,197,653,None:
2020-12-06,"22:25:58,074",MV,195,651,None:
2020-12-06,"22:25:58,082",MV,190,651,None:
2020-12-06,"22:25:58,090",MV,182,650,None:
2020-12-06,"22:25:58,098",MV,180,650,None:
2020-12-06,"22:25:58,106",MV,176,649,None:
2020-12-06,"22:25:58,114",MV,174,649,None:
2020-12-06,"22:25:58,122",MV,173,649,None:
2020-12-06,"22:25:58,130",MV,170,648,None:
2020-12-06,"22:25:58,138",MV,168,648,None:
2020-12-06,"22:25:58,146",MV,166,647,None:
2020-12-06,"22:25:58,154",MV,163,646,None:
2020-12-06,"22:25:58,162",MV,161,646,None:
2020-12-06,"22:25:58,170",MV,159,644,None:
2020-12-06,"22:25:58,178",MV,157,644,None:
2020-12-06,"22:25:58,268",MV,157,643,None:
2020-12-06,"22:25:58,274",MV,157,642,None:
2020-12-06,"22:25:58,284",MV,156,642,None:
2020-12-06,"22:25:58,292",MV,156,641,None:
2020-12-06,"22:25:58,300",MV,155,641,None:
2020-12-06,"22:25:58,308",MV,154,640,None:
2020-12-06,"22:25:58,316",MV,154,639,None:
2020-12-06,"22:25:58,324",MV,152,639,None:
2020-12-06,"22:25:58,332",MV,152,638,None:
2020-12-06,"22:25:58,340",MV,150,638,None:
2020-12-06,"22:25:58,348",MV,149,637,None:
2020-12-06,"22:25:58,356",MV,148,636,None:
2020-12-06,"22:25:58,364",MV,147,636,None:
2020-12-06,"22:25:58,372",MV,146,636,None:
2020-12-06,"22:25:58,380",MV,146,635,None:
2020-12-06,"22:25:58,404",MV,145,635,None:
2020-12-06,"22:25:58,428",MV,144,634,None:
2020-12-06,"22:25:58,444",MV,143,634,None:
2020-12-06,"22:25:58,452",MV,143,634,None:
2020-12-06,"22:25:58,516",MV,142,634,None:
2020-12-06,"22:25:58,524",MV,142,633,None:
2020-12-06,"22:25:58,534",MV,141,633,None:
2020-12-06,"22:25:58,540",MV,141,632,None:
2020-12-06,"22:25:58,548",MV,140,632,None:
2020-12-06,"22:25:58,718",MV,140,631,None:
2020-12-06,"22:25:58,782",MV,140,631,None:
2020-12-06,"22:25:59,024",MV,140,631,None:
2020-12-06,"22:25:59,032",MV,139,631,None:
2020-12-06,"22:25:59,056",MV,138,631,None:
2020-12-06,"22:25:59,064",MV,138,630,None:
2020-12-06,"22:25:59,072",MV,138,630,None:
2020-12-06,"22:25:59,194",MV,137,629,None:
2020-12-06,"22:25:59,218",MV,136,629,None:
2020-12-06,"22:25:59,226",MV,136,628,None:
2020-12-06,"22:25:59,234",MV,135,628,None:
2020-12-06,"22:25:59,452",RLS,135,628,Button.left
2020-12-06,"22:25:59,864",MV,136,628,None:
2020-12-06,"22:25:59,870",MV,137,630,None:
2020-12-06,"22:25:59,878",MV,138,631,None:
2020-12-06,"22:25:59,886",MV,139,633,None:
2020-12-06,"22:25:59,894",MV,141,635,None:
2020-12-06,"22:25:59,902",MV,142,638,None:
2020-12-06,"22:25:59,910",MV,143,641,None:
2020-12-06,"22:25:59,918",MV,144,644,None:
2020-12-06,"22:25:59,928",MV,145,648,None:
2020-12-06,"22:25:59,934",MV,145,654,None:
2020-12-06,"22:25:59,944",MV,145,661,None:
2020-12-06,"22:25:59,952",MV,145,672,None:
2020-12-06,"22:25:59,958",MV,145,682,None:
2020-12-06,"22:25:59,966",MV,145,689,None:
2020-12-06,"22:25:59,974",MV,145,697,None:
2020-12-06,"22:25:59,982",MV,145,707,None:
2020-12-06,"22:25:59,992",MV,146,715,None:
2020-12-06,"22:26:00,000",MV,146,720,None:
2020-12-06,"22:26:00,008",MV,146,728,None:
2020-12-06,"22:26:00,016",MV,146,733,None:
2020-12-06,"22:26:00,024",MV,147,738,None:
2020-12-06,"22:26:00,032",MV,149,746,None:
2020-12-06,"22:26:00,040",MV,149,751,None:
2020-12-06,"22:26:00,048",MV,150,756,None:
2020-12-06,"22:26:00,056",MV,151,759,None:
2020-12-06,"22:26:00,064",MV,151,762,None:
2020-12-06,"22:26:00,072",MV,151,763,None:
2020-12-06,"22:26:00,080",MV,151,765,None:
2020-12-06,"22:26:00,088",MV,151,766,None:
2020-12-06,"22:26:00,096",MV,152,767,None:
2020-12-06,"22:26:00,104",MV,152,768,None:
2020-12-06,"22:26:00,112",MV,153,769,None:
2020-12-06,"22:26:00,120",MV,154,771,None:
2020-12-06,"22:26:00,128",MV,154,772,None:
2020-12-06,"22:26:00,136",MV,155,773,None:
2020-12-06,"22:26:00,144",MV,156,774,None:
2020-12-06,"22:26:00,186",MV,157,774,None:
2020-12-06,"22:26:00,208",MV,158,773,None:
2020-12-06,"22:26:00,218",MV,159,772,None:
2020-12-06,"22:26:00,224",MV,159,771,None:
2020-12-06,"22:26:00,236",MV,160,771,None:
2020-12-06,"22:26:00,242",MV,160,770,None:
2020-12-06,"22:26:00,248",MV,161,770,None:
2020-12-06,"22:26:00,256",MV,161,769,None:
2020-12-06,"22:26:00,265",CLK,161,769,Button.left
2020-12-06,"22:26:00,330",RLS,161,769,Button.left
2020-12-06,"22:26:00,338",MV,162,768,None:
2020-12-06,"22:26:00,362",MV,162,768,None:
2020-12-06,"22:26:00,370",MV,162,768,None:
2020-12-06,"22:26:00,394",MV,163,768,None:
2020-12-06,"22:26:00,402",MV,164,768,None:
2020-12-06,"22:26:00,410",MV,165,768,None:
2020-12-06,"22:26:00,418",MV,167,768,None:
2020-12-06,"22:26:00,426",MV,168,767,None:
2020-12-06,"22:26:00,434",MV,170,767,None:
2020-12-06,"22:26:00,442",MV,171,767,None:
2020-12-06,"22:26:00,450",MV,172,766,None:
2020-12-06,"22:26:00,458",MV,175,766,None:
2020-12-06,"22:26:00,466",MV,178,766,None:
2020-12-06,"22:26:00,474",MV,181,765,None:
2020-12-06,"22:26:00,482",MV,187,765,None:
2020-12-06,"22:26:00,490",MV,195,765,None:
2020-12-06,"22:26:00,498",MV,198,764,None:
2020-12-06,"22:26:00,506",MV,204,763,None:
2020-12-06,"22:26:00,514",MV,210,761,None:
2020-12-06,"22:26:00,524",MV,213,761,None:
2020-12-06,"22:26:00,532",MV,218,760,None:
2020-12-06,"22:26:00,538",MV,220,759,None:
2020-12-06,"22:26:00,548",MV,225,758,None:
2020-12-06,"22:26:00,556",MV,227,757,None:
2020-12-06,"22:26:00,564",MV,233,755,None:
2020-12-06,"22:26:00,572",MV,235,754,None:
2020-12-06,"22:26:00,580",MV,242,751,None:
2020-12-06,"22:26:00,588",MV,244,750,None:
2020-12-06,"22:26:00,596",MV,249,748,None:
2020-12-06,"22:26:00,604",MV,250,747,None:
2020-12-06,"22:26:00,612",MV,252,746,None:
2020-12-06,"22:26:00,620",MV,253,746,None:
2020-12-06,"22:26:00,628",MV,253,745,None:
2020-12-06,"22:26:00,677",CLK,253,745,Button.left
2020-12-06,"22:26:00,764",RLS,253,745,Button.left
2020-12-06,"22:26:01,418",MV,253,745,None:
2020-12-06,"22:26:01,426",MV,254,745,None:
2020-12-06,"22:26:01,434",MV,256,745,None:
2020-12-06,"22:26:01,442",MV,258,746,None:
2020-12-06,"22:26:01,450",MV,260,746,None:
2020-12-06,"22:26:01,458",MV,262,747,None:
2020-12-06,"22:26:01,466",MV,265,748,None:
2020-12-06,"22:26:01,474",MV,268,749,None:
2020-12-06,"22:26:01,482",MV,271,751,None:
2020-12-06,"22:26:01,490",MV,274,752,None:
2020-12-06,"22:26:01,498",MV,275,753,None:
2020-12-06,"22:26:07,160",MV,276,753,None:
2020-12-06,"22:26:07,166",MV,277,753,None:
2020-12-06,"22:26:07,174",MV,280,752,None:
2020-12-06,"22:26:07,223",SCRD,280,752,None
2020-12-06,"22:26:07,248",MV,281,750,None:
2020-12-06,"22:26:07,256",MV,282,749,None:
2020-12-06,"22:26:07,264",MV,283,747,None:
2020-12-06,"22:26:07,280",MV,282,747,None:
2020-12-06,"22:26:07,288",MV,280,746,None:
2020-12-06,"22:26:07,296",MV,278,746,None:
2020-12-06,"22:26:07,304",MV,274,746,None:
2020-12-06,"22:26:07,305",SCRD,274,746,None
2020-12-06,"22:26:07,312",MV,271,746,None:
2020-12-06,"22:26:07,320",MV,268,747,None:
2020-12-06,"22:26:07,328",MV,266,748,None:
2020-12-06,"22:26:07,336",MV,264,748,None:
2020-12-06,"22:26:07,344",MV,263,750,None:
2020-12-06,"22:26:07,352",MV,262,750,None:
2020-12-06,"22:26:07,369",SCRD,262,750,None
2020-12-06,"22:26:07,400",SCRD,262,750,None
2020-12-06,"22:26:07,448",SCRD,262,750,None
2020-12-06,"22:26:07,472",MV,261,750,None:
2020-12-06,"22:26:07,546",MV,261,750,None:
2020-12-06,"22:26:07,552",MV,260,750,None:
2020-12-06,"22:26:07,570",MV,260,749,None:
2020-12-06,"22:26:07,578",MV,259,749,None:
2020-12-06,"22:26:07,586",MV,259,748,None:
2020-12-06,"22:26:07,594",MV,257,744,None:
2020-12-06,"22:26:07,602",MV,254,740,None:
2020-12-06,"22:26:07,610",MV,252,735,None:
2020-12-06,"22:26:07,618",MV,246,725,None:
2020-12-06,"22:26:07,626",MV,240,715,None:
2020-12-06,"22:26:07,634",MV,235,706,None:
2020-12-06,"22:26:07,642",MV,228,689,None:
2020-12-06,"22:26:07,650",MV,223,678,None:
2020-12-06,"22:26:07,658",MV,220,665,None:
2020-12-06,"22:26:07,666",MV,217,654,None:
2020-12-06,"22:26:07,674",MV,213,643,None:
2020-12-06,"22:26:07,682",MV,210,632,None:
2020-12-06,"22:26:07,690",MV,207,619,None:
2020-12-06,"22:26:07,698",MV,206,608,None:
2020-12-06,"22:26:07,706",MV,204,595,None:
2020-12-06,"22:26:07,714",MV,202,584,None:
2020-12-06,"22:26:07,722",MV,201,571,None:
2020-12-06,"22:26:07,730",MV,201,555,None:
2020-12-06,"22:26:07,738",MV,199,542,None:
2020-12-06,"22:26:07,746",MV,199,536,None:
2020-12-06,"22:26:07,754",MV,198,525,None:
2020-12-06,"22:26:07,762",MV,196,512,None:
2020-12-06,"22:26:07,770",MV,194,500,None:
2020-12-06,"22:26:07,778",MV,193,497,None:
2020-12-06,"22:26:07,786",MV,192,489,None:
2020-12-06,"22:26:07,794",MV,191,484,None:
2020-12-06,"22:26:07,802",MV,190,482,None:
2020-12-06,"22:26:07,814",MV,189,478,None:
2020-12-06,"22:26:07,818",MV,188,477,None:
2020-12-06,"22:26:07,826",MV,188,475,None:
2020-12-06,"22:26:07,834",MV,187,473,None:
2020-12-06,"22:26:07,900",MV,186,473,None:
2020-12-06,"22:26:07,908",MV,186,472,None:
2020-12-06,"22:26:07,956",MV,186,471,None:
2020-12-06,"22:26:07,964",MV,185,471,None:
2020-12-06,"22:26:07,972",MV,185,470,None:
2020-12-06,"22:26:07,980",MV,184,469,None:
2020-12-06,"22:26:07,988",MV,183,467,None:
2020-12-06,"22:26:07,996",MV,181,464,None:
2020-12-06,"22:26:08,004",MV,180,461,None:
2020-12-06,"22:26:08,012",MV,179,460,None:
2020-12-06,"22:26:08,020",MV,178,459,None:
2020-12-06,"22:26:08,028",MV,177,457,None:
2020-12-06,"22:26:08,044",MV,177,457,None:
2020-12-06,"22:26:08,052",MV,176,457,None:
2020-12-06,"22:26:08,060",MV,176,456,None:
2020-12-06,"22:26:08,068",MV,176,455,None:
2020-12-06,"22:26:08,084",MV,176,454,None:
2020-12-06,"22:26:08,092",MV,175,454,None:
2020-12-06,"22:26:08,100",MV,175,453,None:
2020-12-06,"22:26:08,108",MV,174,453,None:
2020-12-06,"22:26:08,183",CLK,174,453,Button.left
2020-12-06,"22:26:08,224",MV,174,452,None:
2020-12-06,"22:26:08,254",RLS,174,452,Button.left
2020-12-06,"22:26:08,294",MV,175,452,None:
2020-12-06,"22:26:08,302",MV,177,452,None:
2020-12-06,"22:26:08,310",MV,182,453,None:
2020-12-06,"22:26:08,318",MV,188,454,None:
2020-12-06,"22:26:08,326",MV,202,456,None:
2020-12-06,"22:26:08,334",MV,218,457,None:
2020-12-06,"22:26:08,342",MV,237,457,None:
2020-12-06,"22:26:08,350",MV,259,455,None:
2020-12-06,"22:26:08,358",MV,285,449,None:
2020-12-06,"22:26:08,366",MV,305,445,None:
2020-12-06,"22:26:08,374",MV,327,439,None:
2020-12-06,"22:26:08,382",MV,351,435,None:
2020-12-06,"22:26:08,392",MV,370,432,None:
2020-12-06,"22:26:08,400",MV,379,430,None:
2020-12-06,"22:26:08,406",MV,380,430,None:
2020-12-06,"22:26:15,040",MV,380,429,None:
2020-12-06,"22:26:15,046",MV,381,429,None:
2020-12-06,"22:26:15,056",MV,381,428,None:
2020-12-06,"22:26:15,064",MV,383,425,None:
2020-12-06,"22:26:15,072",MV,385,423,None:
2020-12-06,"22:26:15,078",MV,388,422,None:
2020-12-06,"22:26:15,086",MV,389,421,None:
2020-12-06,"22:26:15,394",MV,389,421,None:
2020-12-06,"22:26:15,402",MV,387,421,None:
2020-12-06,"22:26:15,410",MV,385,421,None:
2020-12-06,"22:26:15,418",MV,382,421,None:
2020-12-06,"22:26:15,426",MV,378,421,None:
2020-12-06,"22:26:15,434",MV,373,422,None:
2020-12-06,"22:26:15,442",MV,366,422,None:
2020-12-06,"22:26:15,450",MV,361,423,None:
2020-12-06,"22:26:15,458",MV,351,425,None:
2020-12-06,"22:26:15,466",MV,336,426,None:
2020-12-06,"22:26:15,474",MV,322,428,None:
2020-12-06,"22:26:15,482",MV,295,432,None:
2020-12-06,"22:26:15,490",MV,269,434,None:
2020-12-06,"22:26:15,498",MV,251,436,None:
2020-12-06,"22:26:15,506",MV,224,438,None:
2020-12-06,"22:26:15,514",MV,194,442,None:
2020-12-06,"22:26:15,522",MV,162,446,None:
2020-12-06,"22:26:15,530",MV,144,448,None:
2020-12-06,"22:26:15,538",MV,117,452,None:
2020-12-06,"22:26:15,546",MV,97,452,None:
2020-12-06,"22:26:15,554",MV,80,452,None:
2020-12-06,"22:26:15,563",MV,56,454,None:
2020-12-06,"22:26:15,570",MV,48,454,None:
2020-12-06,"22:26:15,578",MV,42,454,None:
2020-12-06,"22:26:15,588",MV,37,453,None:
2020-12-06,"22:26:15,598",MV,34,451,None:
2020-12-06,"22:26:15,604",MV,32,450,None:
2020-12-06,"22:26:15,610",MV,30,446,None:
2020-12-06,"22:26:15,618",MV,28,444,None:
2020-12-06,"22:26:15,628",MV,27,441,None:
2020-12-06,"22:26:15,636",MV,26,438,None:
2020-12-06,"22:26:15,644",MV,26,435,None:
2020-12-06,"22:26:15,652",MV,25,432,None:
2020-12-06,"22:26:15,660",MV,25,429,None:
2020-12-06,"22:26:15,668",MV,25,427,None:
2020-12-06,"22:26:15,676",MV,24,427,None:
2020-12-06,"22:26:15,796",MV,25,427,None:
2020-12-06,"22:26:15,804",MV,28,427,None:
2020-12-06,"22:26:15,812",MV,30,427,None:
2020-12-06,"22:26:15,822",MV,32,426,None:
2020-12-06,"22:26:15,828",MV,37,426,None:
2020-12-06,"22:26:15,836",MV,39,426,None:
2020-12-06,"22:26:15,844",MV,43,426,None:
2020-12-06,"22:26:15,852",MV,45,427,None:
2020-12-06,"22:26:15,860",MV,47,428,None:
2020-12-06,"22:26:15,868",MV,50,429,None:
2020-12-06,"22:26:15,878",MV,51,430,None:
2020-12-06,"22:26:15,886",MV,53,430,None:
2020-12-06,"22:26:15,894",MV,56,432,None:
2020-12-06,"22:26:15,904",MV,58,433,None:
2020-12-06,"22:26:15,908",MV,62,436,None:
2020-12-06,"22:26:15,919",MV,72,442,None:
2020-12-06,"22:26:15,926",MV,76,444,None:
2020-12-06,"22:26:15,934",MV,80,446,None:
2020-12-06,"22:26:15,942",MV,84,449,None:
2020-12-06,"22:26:15,950",MV,90,452,None:
2020-12-06,"22:26:15,958",MV,92,453,None:
2020-12-06,"22:26:15,966",MV,94,454,None:
2020-12-06,"22:26:15,974",MV,95,455,None:
2020-12-06,"22:26:15,982",MV,98,455,None:
2020-12-06,"22:26:15,990",MV,104,458,None:
2020-12-06,"22:26:15,998",MV,107,458,None:
2020-12-06,"22:26:16,006",MV,110,459,None:
2020-12-06,"22:26:16,014",MV,113,459,None:
2020-12-06,"22:26:16,022",MV,115,459,None:
2020-12-06,"22:26:16,030",MV,119,459,None:
2020-12-06,"22:26:16,038",MV,121,459,None:
2020-12-06,"22:26:16,046",MV,122,459,None:
2020-12-06,"22:26:16,054",MV,123,459,None:
2020-12-06,"22:26:16,062",MV,123,458,None:
2020-12-06,"22:26:16,070",MV,124,458,None:
2020-12-06,"22:26:16,078",MV,125,457,None:
2020-12-06,"22:26:16,086",MV,127,456,None:
2020-12-06,"22:26:16,094",MV,129,455,None:
2020-12-06,"22:26:16,102",MV,130,454,None:
2020-12-06,"22:26:16,110",MV,131,453,None:
2020-12-06,"22:26:16,118",MV,133,451,None:
2020-12-06,"22:26:16,126",MV,134,450,None:
2020-12-06,"22:26:16,134",MV,135,448,None:
2020-12-06,"22:26:16,142",MV,135,447,None:
2020-12-06,"22:26:16,152",MV,136,445,None:
2020-12-06,"22:26:16,160",MV,136,443,None:
2020-12-06,"22:26:16,166",MV,136,440,None:
2020-12-06,"22:26:16,174",MV,137,438,None:
2020-12-06,"22:26:16,184",MV,137,437,None:
2020-12-06,"22:26:16,192",MV,138,435,None:
2020-12-06,"22:26:16,200",MV,139,434,None:
2020-12-06,"22:26:16,208",MV,139,433,None:
2020-12-06,"22:26:16,216",MV,140,432,None:
2020-12-06,"22:26:16,224",MV,140,431,None:
2020-12-06,"22:26:16,232",MV,141,430,None:
2020-12-06,"22:26:16,240",MV,141,429,None:
2020-12-06,"22:26:16,248",MV,142,428,None:
2020-12-06,"22:26:16,256",MV,142,426,None:
2020-12-06,"22:26:16,264",MV,143,425,None:
2020-12-06,"22:26:16,272",MV,144,423,None:
2020-12-06,"22:26:16,280",MV,144,422,None:
2020-12-06,"22:26:16,288",MV,145,420,None:
2020-12-06,"22:26:16,296",MV,146,418,None:
2020-12-06,"22:26:16,304",MV,147,417,None:
2020-12-06,"22:26:16,312",MV,147,416,None:
2020-12-06,"22:26:16,320",MV,148,415,None:
2020-12-06,"22:26:16,328",MV,148,414,None:
2020-12-06,"22:26:16,336",MV,149,413,None:
2020-12-06,"22:26:16,344",MV,149,412,None:
2020-12-06,"22:26:16,352",MV,150,411,None:
2020-12-06,"22:26:16,360",MV,151,410,None:
2020-12-06,"22:26:16,384",MV,152,409,None:
2020-12-06,"22:26:16,424",MV,153,408,None:
2020-12-06,"22:26:16,448",MV,154,407,None:
2020-12-06,"22:26:16,456",MV,155,407,None:
2020-12-06,"22:26:16,480",MV,156,407,None:
2020-12-06,"22:26:16,488",MV,157,407,None:
2020-12-06,"22:26:16,562",MV,157,406,None:
2020-12-06,"22:26:16,570",CLK,157,406,Button.left
2020-12-06,"22:26:16,650",RLS,157,406,Button.left
2020-12-06,"22:26:16,698",MV,157,406,None:
2020-12-06,"22:26:16,714",MV,158,406,None:
2020-12-06,"22:26:16,730",MV,159,407,None:
2020-12-06,"22:26:16,738",MV,161,408,None:
2020-12-06,"22:26:16,746",MV,162,408,None:
2020-12-06,"22:26:16,754",MV,163,409,None:
2020-12-06,"22:26:16,770",MV,164,409,None:
2020-12-06,"22:26:16,778",MV,165,410,None:
2020-12-06,"22:26:16,788",MV,166,410,None:
2020-12-06,"22:26:16,804",MV,167,410,None:
2020-12-06,"22:26:16,812",MV,168,410,None:
2020-12-06,"22:26:16,820",MV,169,411,None:
2020-12-06,"22:26:16,828",MV,170,411,None:
2020-12-06,"22:26:16,852",MV,171,411,None:
2020-12-06,"22:26:16,860",MV,172,412,None:
2020-12-06,"22:26:16,876",MV,174,413,None:
2020-12-06,"22:26:16,884",MV,175,413,None:
2020-12-06,"22:26:16,892",MV,177,414,None:
2020-12-06,"22:26:16,908",MV,179,415,None:
2020-12-06,"22:26:16,916",MV,181,416,None:
2020-12-06,"22:26:16,928",MV,184,417,None:
2020-12-06,"22:26:16,940",MV,186,418,None:
2020-12-06,"22:26:16,948",MV,189,419,None:
2020-12-06,"22:26:16,956",MV,192,420,None:
2020-12-06,"22:26:16,972",MV,196,422,None:
2020-12-06,"22:26:16,980",MV,199,423,None:
2020-12-06,"22:26:16,988",MV,202,424,None:
2020-12-06,"22:26:17,004",MV,205,426,None:
2020-12-06,"22:26:17,014",MV,207,427,None:
2020-12-06,"22:26:17,022",MV,209,428,None:
2020-12-06,"22:26:17,036",MV,211,428,None:
2020-12-06,"22:26:17,046",MV,214,428,None:
2020-12-06,"22:26:17,060",MV,216,429,None:
2020-12-06,"22:26:17,070",MV,218,429,None:
2020-12-06,"22:26:17,228",MV,218,429,None:
2020-12-06,"22:26:17,440",MV,218,429,None:
2020-12-06,"22:26:17,444",MV,217,429,None:
2020-12-06,"22:26:17,452",MV,216,429,None:
2020-12-06,"22:26:17,460",MV,215,429,None:
2020-12-06,"22:26:17,468",MV,213,429,None:
2020-12-06,"22:26:17,476",MV,212,429,None:
2020-12-06,"22:26:17,484",MV,210,429,None:
2020-12-06,"22:26:17,492",MV,209,430,None:
2020-12-06,"22:26:17,500",MV,208,431,None:
2020-12-06,"22:26:17,508",MV,207,431,None:
2020-12-06,"22:26:17,516",MV,206,431,None:
2020-12-06,"22:26:17,524",MV,205,431,None:
2020-12-06,"22:26:17,542",MV,204,431,None:
2020-12-06,"22:26:17,548",MV,203,431,None:
2020-12-06,"22:26:17,556",MV,202,430,None:
2020-12-06,"22:26:17,564",MV,201,429,None:
2020-12-06,"22:26:17,574",MV,200,429,None:
2020-12-06,"22:26:17,582",MV,198,429,None:
2020-12-06,"22:26:17,588",MV,196,428,None:
2020-12-06,"22:26:17,598",MV,195,428,None:
2020-12-06,"22:26:17,606",MV,193,428,None:
2020-12-06,"22:26:17,612",MV,192,428,None:
2020-12-06,"22:26:17,620",MV,190,428,None:
2020-12-06,"22:26:17,628",MV,188,428,None:
2020-12-06,"22:26:17,638",MV,187,427,None:
2020-12-06,"22:26:17,646",MV,186,427,None:
2020-12-06,"22:26:17,662",MV,185,427,None:
2020-12-06,"22:26:17,678",MV,184,427,None:
2020-12-06,"22:26:17,686",MV,183,427,None:
2020-12-06,"22:26:17,694",MV,182,426,None:
2020-12-06,"22:26:17,702",MV,180,426,None:
2020-12-06,"22:26:17,710",MV,179,426,None:
2020-12-06,"22:26:17,718",MV,178,426,None:
2020-12-06,"22:26:17,742",MV,177,426,None:
2020-12-06,"22:26:17,758",MV,177,426,None:
2020-12-06,"22:26:17,766",MV,176,426,None:
2020-12-06,"22:26:17,774",MV,175,426,None:
2020-12-06,"22:26:17,782",MV,173,427,None:
2020-12-06,"22:26:17,790",MV,172,428,None:
2020-12-06,"22:26:17,798",MV,169,429,None:
2020-12-06,"22:26:17,806",MV,168,429,None:
2020-12-06,"22:26:17,814",MV,166,431,None:
2020-12-06,"22:26:17,822",MV,165,431,None:
2020-12-06,"22:26:17,830",MV,165,432,None:
2020-12-06,"22:26:17,850",MV,164,432,None:
2020-12-06,"22:26:17,854",MV,164,433,None:
2020-12-06,"22:26:18,032",MV,164,432,None:
2020-12-06,"22:26:18,040",MV,164,431,None:
2020-12-06,"22:26:18,048",MV,164,430,None:
2020-12-06,"22:26:18,056",MV,164,429,None:
2020-12-06,"22:26:18,064",MV,165,428,None:
2020-12-06,"22:26:18,072",MV,165,426,None:
2020-12-06,"22:26:18,080",MV,166,425,None:
2020-12-06,"22:26:18,088",MV,167,422,None:
2020-12-06,"22:26:18,096",MV,168,420,None:
2020-12-06,"22:26:18,104",MV,169,419,None:
2020-12-06,"22:26:18,112",MV,170,417,None:
2020-12-06,"22:26:18,120",MV,170,416,None:
2020-12-06,"22:26:18,128",MV,171,414,None:
2020-12-06,"22:26:18,138",MV,172,413,None:
2020-12-06,"22:26:18,146",MV,176,409,None:
2020-12-06,"22:26:18,154",MV,178,407,None:
2020-12-06,"22:26:18,160",MV,179,406,None:
2020-12-06,"22:26:18,168",MV,181,404,None:
2020-12-06,"22:26:18,176",MV,183,402,None:
2020-12-06,"22:26:18,184",MV,184,400,None:
2020-12-06,"22:26:18,194",MV,185,399,None:
2020-12-06,"22:26:18,202",MV,186,398,None:
2020-12-06,"22:26:18,210",MV,187,397,None:
2020-12-06,"22:26:18,356",MV,188,397,None:
2020-12-06,"22:26:18,382",MV,189,397,None:
2020-12-06,"22:26:18,428",MV,189,397,None:
2020-12-06,"22:26:18,452",MV,190,397,None:
2020-12-06,"22:26:18,460",MV,191,398,None:
2020-12-06,"22:26:18,476",MV,192,398,None:
2020-12-06,"22:26:18,484",MV,192,399,None:
2020-12-06,"22:26:18,568",MV,193,399,None:
2020-12-06,"22:26:18,576",MV,193,400,None:
2020-12-06,"22:26:18,584",MV,194,400,None:
2020-12-06,"22:26:18,612",MV,194,400,None:
2020-12-06,"22:26:28,368",MV,194,400,None:
2020-12-06,"22:26:28,374",MV,194,400,None:
2020-12-06,"22:26:28,384",MV,197,396,None:
2020-12-06,"22:26:28,392",MV,203,388,None:
2020-12-06,"22:26:28,398",MV,210,373,None:
2020-12-06,"22:26:28,406",MV,215,362,None:
2020-12-06,"22:26:28,414",MV,219,349,None:
2020-12-06,"22:26:28,422",MV,220,336,None:
2020-12-06,"22:26:28,432",MV,222,327,None:
2020-12-06,"22:26:28,440",MV,222,316,None:
2020-12-06,"22:26:28,448",MV,219,306,None:
2020-12-06,"22:26:28,456",MV,214,299,None:
2020-12-06,"22:26:28,464",MV,207,290,None:
2020-12-06,"22:26:28,472",MV,197,280,None:
2020-12-06,"22:26:28,480",MV,180,269,None:
2020-12-06,"22:26:28,488",MV,148,257,None:
2020-12-06,"22:26:28,498",MV,112,251,None:
2020-12-06,"22:26:28,504",MV,84,249,None:
2020-12-06,"22:26:28,513",MV,54,249,None:
2020-12-06,"22:26:28,520",MV,38,249,None:
2020-12-06,"22:26:28,528",MV,20,254,None:
2020-12-06,"22:26:28,536",MV,2,262,None:
2020-12-06,"22:26:28,544",MV,0,276,None:
2020-12-06,"22:26:28,552",MV,0,287,None:
2020-12-06,"22:26:28,560",MV,0,296,None:
2020-12-06,"22:26:28,568",MV,0,310,None:
2020-12-06,"22:26:28,576",MV,0,327,None:
2020-12-06,"22:26:28,584",MV,0,347,None:
2020-12-06,"22:26:28,592",MV,0,375,None:
2020-12-06,"22:26:28,600",MV,0,397,None:
2020-12-06,"22:26:28,608",MV,0,437,None:
2020-12-06,"22:26:28,616",MV,0,467,None:
2020-12-06,"22:26:28,624",MV,0,515,None:
2020-12-06,"22:26:28,632",MV,0,547,None:
2020-12-06,"22:26:28,640",MV,0,577,None:
2020-12-06,"22:26:28,648",MV,0,605,None:
2020-12-06,"22:26:28,656",MV,0,647,None:
2020-12-06,"22:26:28,666",MV,0,673,None:
2020-12-06,"22:26:28,674",MV,0,699,None:
2020-12-06,"22:26:28,680",MV,0,723,None:
2020-12-06,"22:26:28,690",MV,0,745,None:
2020-12-06,"22:26:28,696",MV,0,764,None:
2020-12-06,"22:26:28,706",MV,5,784,None:
2020-12-06,"22:26:28,714",MV,11,800,None:
2020-12-06,"22:26:28,722",MV,14,806,None:
2020-12-06,"22:26:28,730",MV,28,825,None:
2020-12-06,"22:26:28,738",MV,41,835,None:
2020-12-06,"22:26:28,746",MV,65,845,None:
2020-12-06,"22:26:28,755",MV,87,851,None:
2020-12-06,"22:26:28,762",MV,115,855,None:
2020-12-06,"22:26:28,770",MV,147,855,None:
2020-12-06,"22:26:28,778",MV,181,849,None:
2020-12-06,"22:26:28,786",MV,205,845,None:
2020-12-06,"22:26:28,794",MV,245,833,None:
2020-12-06,"22:26:28,802",MV,287,819,None:
2020-12-06,"22:26:28,810",MV,317,809,None:
2020-12-06,"22:26:28,818",MV,347,799,None:
2020-12-06,"22:26:28,826",MV,393,781,None:
2020-12-06,"22:26:28,834",MV,421,769,None:
2020-12-06,"22:26:28,835",SCRD,421,769,None
2020-12-06,"22:26:28,842",MV,449,757,None:
2020-12-06,"22:26:28,850",MV,475,743,None:
2020-12-06,"22:26:28,858",MV,507,725,None:
2020-12-06,"22:26:28,866",MV,523,715,None:
2020-12-06,"22:26:28,874",MV,540,703,None:
2020-12-06,"22:26:28,882",MV,551,694,None:
2020-12-06,"22:26:28,890",MV,555,690,None:
2020-12-06,"22:26:28,898",MV,557,688,None:
2020-12-06,"22:26:28,908",MV,558,687,None:
2020-12-06,"22:26:28,914",MV,558,686,None:
2020-12-06,"22:26:28,922",MV,558,685,None:
2020-12-06,"22:26:28,938",MV,558,684,None:
2020-12-06,"22:26:28,946",MV,557,684,None:
2020-12-06,"22:26:28,954",MV,557,683,None:
2020-12-06,"22:26:28,964",MV,556,683,None:
2020-12-06,"22:26:28,972",MV,555,683,None:
2020-12-06,"22:26:28,994",SCRD,555,683,None
2020-12-06,"22:26:29,028",MV,554,683,None:
2020-12-06,"22:26:29,036",MV,554,683,None:
2020-12-06,"22:26:29,044",MV,553,683,None:
2020-12-06,"22:26:29,052",MV,552,683,None:
2020-12-06,"22:26:29,060",MV,551,683,None:
2020-12-06,"22:26:29,068",MV,549,684,None:
2020-12-06,"22:26:29,076",MV,547,684,None:
2020-12-06,"22:26:29,084",MV,544,684,None:
2020-12-06,"22:26:29,092",MV,539,685,None:
2020-12-06,"22:26:29,100",MV,533,687,None:
2020-12-06,"22:26:29,108",MV,523,689,None:
2020-12-06,"22:26:29,116",MV,510,694,None:
2020-12-06,"22:26:29,124",MV,503,697,None:
2020-12-06,"22:26:29,132",MV,484,702,None:
2020-12-06,"22:26:29,140",MV,462,710,None:
2020-12-06,"22:26:29,148",MV,424,720,None:
2020-12-06,"22:26:29,156",MV,398,724,None:
2020-12-06,"22:26:29,164",MV,358,732,None:
2020-12-06,"22:26:29,172",MV,332,738,None:
2020-12-06,"22:26:29,180",MV,286,746,None:
2020-12-06,"22:26:29,188",MV,256,752,None:
2020-12-06,"22:26:29,196",MV,226,760,None:
2020-12-06,"22:26:29,204",MV,188,772,None:
2020-12-06,"22:26:29,214",MV,164,782,None:
2020-12-06,"22:26:29,220",MV,140,792,None:
2020-12-06,"22:26:29,228",MV,118,802,None:
2020-12-06,"22:26:29,238",MV,101,811,None:
2020-12-06,"22:26:29,246",MV,82,819,None:
2020-12-06,"22:26:29,253",MV,62,827,None:
2020-12-06,"22:26:29,260",MV,47,834,None:
2020-12-06,"22:26:29,268",MV,32,840,None:
2020-12-06,"22:26:29,276",MV,21,845,None:
2020-12-06,"22:26:29,286",MV,14,848,None:
2020-12-06,"22:26:29,294",MV,9,850,None:
2020-12-06,"22:26:29,302",MV,7,851,None:
2020-12-06,"22:26:29,310",MV,5,852,None:
2020-12-06,"22:26:29,318",MV,4,853,None:
2020-12-06,"22:26:29,326",MV,3,854,None:
2020-12-06,"22:26:29,334",MV,2,855,None:
2020-12-06,"22:26:29,342",MV,1,856,None:
2020-12-06,"22:26:29,350",MV,0,858,None:
2020-12-06,"22:26:29,358",MV,0,859,None:
2020-12-06,"22:26:29,366",MV,0,861,None:
2020-12-06,"22:26:29,374",MV,0,863,None:
2020-12-06,"22:26:29,382",MV,0,864,None:
2020-12-06,"22:26:29,390",MV,0,865,None:
2020-12-06,"22:26:29,406",MV,0,866,None:
2020-12-06,"22:26:29,414",MV,0,867,None:
2020-12-06,"22:26:29,438",MV,0,868,None:
2020-12-06,"22:26:29,462",MV,0,869,None:
2020-12-06,"22:26:29,486",MV,0,869,None:
2020-12-06,"22:26:29,494",MV,2,869,None:
2020-12-06,"22:26:29,502",MV,4,869,None:
2020-12-06,"22:26:29,510",MV,5,869,None:
2020-12-06,"22:26:29,518",MV,7,869,None:
2020-12-06,"22:26:29,526",MV,8,869,None:
2020-12-06,"22:26:29,536",MV,10,869,None:
2020-12-06,"22:26:29,544",MV,12,869,None:
2020-12-06,"22:26:29,552",MV,16,869,None:
2020-12-06,"22:26:29,558",MV,17,869,None:
2020-12-06,"22:26:29,568",MV,19,868,None:
2020-12-06,"22:26:29,576",MV,21,868,None:
2020-12-06,"22:26:29,584",MV,21,867,None:
2020-12-06,"22:26:29,592",MV,22,867,None:
2020-12-06,"22:26:29,632",CLK,22,867,Button.left
2020-12-06,"22:26:29,680",RLS,22,867,Button.left
2020-12-06,"22:26:29,808",MV,23,867,None:
2020-12-06,"22:26:29,816",MV,24,867,None:
2020-12-06,"22:26:29,830",MV,26,866,None:
2020-12-06,"22:26:29,832",MV,28,865,None:
2020-12-06,"22:26:29,840",MV,30,865,None:
2020-12-06,"22:26:29,850",MV,33,864,None:
2020-12-06,"22:26:29,862",MV,36,863,None:
2020-12-06,"22:26:29,866",MV,41,861,None:
2020-12-06,"22:26:29,874",MV,46,860,None:
2020-12-06,"22:26:29,882",MV,56,856,None:
2020-12-06,"22:26:29,890",MV,63,853,None:
2020-12-06,"22:26:29,899",MV,68,852,None:
2020-12-06,"22:26:29,906",MV,84,845,None:
2020-12-06,"22:26:29,914",MV,92,842,None:
2020-12-06,"22:26:29,924",MV,100,841,None:
2020-12-06,"22:26:29,935",MV,116,834,None:
2020-12-06,"22:26:29,938",MV,126,831,None:
2020-12-06,"22:26:29,946",MV,150,823,None:
2020-12-06,"22:26:29,954",MV,174,815,None:
2020-12-06,"22:26:29,962",MV,185,811,None:
2020-12-06,"22:26:29,970",MV,206,804,None:
2020-12-06,"22:26:29,978",MV,217,801,None:
2020-12-06,"22:26:29,986",MV,224,796,None:
2020-12-06,"22:26:29,994",MV,243,789,None:
2020-12-06,"22:26:30,002",MV,254,786,None:
2020-12-06,"22:26:30,010",MV,273,781,None:
2020-12-06,"22:26:30,018",MV,284,777,None:
2020-12-06,"22:26:30,026",MV,306,770,None:
2020-12-06,"22:26:30,034",MV,317,766,None:
2020-12-06,"22:26:30,042",MV,325,765,None:
2020-12-06,"22:26:30,050",MV,344,760,None:
2020-12-06,"22:26:30,058",MV,355,756,None:
2020-12-06,"22:26:30,066",MV,363,755,None:
2020-12-06,"22:26:30,074",MV,382,749,None:
2020-12-06,"22:26:30,084",MV,390,746,None:
2020-12-06,"22:26:30,092",MV,397,744,None:
2020-12-06,"22:26:30,098",MV,419,736,None:
2020-12-06,"22:26:30,108",MV,430,732,None:
2020-12-06,"22:26:30,116",MV,438,730,None:
2020-12-06,"22:26:30,122",MV,463,722,None:
2020-12-06,"22:26:30,130",MV,477,716,None:
2020-12-06,"22:26:30,140",MV,487,713,None:
2020-12-06,"22:26:30,148",MV,499,709,None:
2020-12-06,"22:26:30,156",MV,529,699,None:
2020-12-06,"22:26:30,164",MV,544,695,None:
2020-12-06,"22:26:30,172",MV,558,690,None:
2020-12-06,"22:26:30,180",MV,572,687,None:
2020-12-06,"22:26:30,188",MV,583,682,None:
2020-12-06,"22:26:30,196",MV,612,672,None:
2020-12-06,"22:26:30,204",MV,628,668,None:
2020-12-06,"22:26:30,212",MV,640,663,None:
2020-12-06,"22:26:30,220",MV,649,660,None:
2020-12-06,"22:26:30,228",MV,657,657,None:
2020-12-06,"22:26:30,236",MV,668,653,None:
2020-12-06,"22:26:30,244",MV,691,645,None:
2020-12-06,"22:26:30,252",MV,704,641,None:
2020-12-06,"22:26:30,260",MV,713,638,None:
2020-12-06,"22:26:30,268",MV,721,635,None:
2020-12-06,"22:26:30,276",MV,732,632,None:
2020-12-06,"22:26:30,284",MV,741,629,None:
2020-12-06,"22:26:30,292",MV,750,625,None:
2020-12-06,"22:26:30,300",MV,758,622,None:
2020-12-06,"22:26:30,308",MV,767,619,None:
2020-12-06,"22:26:30,316",MV,791,608,None:
2020-12-06,"22:26:30,325",MV,803,604,None:
2020-12-06,"22:26:30,332",MV,812,600,None:
2020-12-06,"22:26:30,342",MV,820,596,None:
2020-12-06,"22:26:30,348",MV,829,591,None:
2020-12-06,"22:26:30,356",MV,837,588,None:
2020-12-06,"22:26:30,364",MV,844,584,None:
2020-12-06,"22:26:30,372",MV,850,580,None:
2020-12-06,"22:26:30,382",MV,858,574,None:
2020-12-06,"22:26:30,390",MV,865,570,None:
2020-12-06,"22:26:30,398",MV,872,566,None:
2020-12-06,"22:26:30,406",MV,877,562,None:
2020-12-06,"22:26:30,414",MV,884,558,None:
2020-12-06,"22:26:30,422",MV,891,554,None:
2020-12-06,"22:26:30,430",MV,897,552,None:
2020-12-06,"22:26:30,438",MV,902,548,None:
2020-12-06,"22:26:30,446",MV,909,544,None:
2020-12-06,"22:26:30,454",MV,914,541,None:
2020-12-06,"22:26:30,462",MV,919,538,None:
2020-12-06,"22:26:30,470",MV,922,535,None:
2020-12-06,"22:26:30,478",MV,927,532,None:
2020-12-06,"22:26:30,486",MV,928,530,None:
2020-12-06,"22:26:30,494",MV,929,530,None:
2020-12-06,"22:26:30,502",MV,930,529,None:
2020-12-06,"22:26:30,510",MV,931,528,None:
2020-12-06,"22:26:30,550",MV,931,527,None:
2020-12-06,"22:26:30,566",MV,931,526,None:
2020-12-06,"22:26:30,574",MV,931,525,None:
2020-12-06,"22:26:30,582",MV,932,525,None:
2020-12-06,"22:26:30,590",MV,932,524,None:
2020-12-06,"22:26:30,598",MV,932,523,None:
2020-12-06,"22:26:30,606",MV,932,522,None:
2020-12-06,"22:26:30,614",MV,932,521,None:
2020-12-06,"22:26:30,622",MV,932,520,None:
2020-12-06,"22:26:30,630",MV,932,519,None:
2020-12-06,"22:26:30,638",MV,932,518,None:
2020-12-06,"22:26:30,654",MV,933,517,None:
2020-12-06,"22:26:30,662",MV,933,516,None:
2020-12-06,"22:26:30,678",MV,934,515,None:
2020-12-06,"22:26:30,686",MV,934,514,None:
2020-12-06,"22:26:30,696",MV,934,513,None:
2020-12-06,"22:26:30,704",MV,935,513,None:
2020-12-06,"22:26:30,712",MV,935,512,None:
2020-12-06,"22:26:30,720",MV,935,511,None:
2020-12-06,"22:26:30,736",MV,936,511,None:
2020-12-06,"22:26:30,744",MV,936,510,None:
2020-12-06,"22:26:30,754",MV,936,509,None:
2020-12-06,"22:26:30,768",MV,937,509,None:
2020-12-06,"22:26:30,776",MV,937,508,None:
2020-12-06,"22:26:30,784",MV,938,508,None:
2020-12-06,"22:26:30,816",MV,938,507,None:
2020-12-06,"22:26:30,848",MV,939,507,None:
2020-12-06,"22:26:30,944",MV,939,507,None:
2020-12-06,"22:26:30,970",MV,940,507,None:
2020-12-06,"22:26:30,976",MV,942,506,None:
2020-12-06,"22:26:30,986",MV,943,506,None:
2020-12-06,"22:26:30,994",MV,945,505,None:
2020-12-06,"22:26:31,002",MV,947,505,None:
2020-12-06,"22:26:31,010",MV,949,504,None:
2020-12-06,"22:26:31,018",MV,950,503,None:
2020-12-06,"22:26:31,026",MV,954,502,None:
2020-12-06,"22:26:31,034",MV,956,501,None:
2020-12-06,"22:26:31,042",MV,960,499,None:
2020-12-06,"22:26:31,050",MV,963,497,None:
2020-12-06,"22:26:31,058",MV,968,495,None:
2020-12-06,"22:26:31,066",MV,974,491,None:
2020-12-06,"22:26:31,074",MV,978,488,None:
2020-12-06,"22:26:31,082",MV,984,485,None:
2020-12-06,"22:26:31,090",MV,987,482,None:
2020-12-06,"22:26:31,098",MV,995,477,None:
2020-12-06,"22:26:31,106",MV,1001,473,None:
2020-12-06,"22:26:31,114",MV,1007,469,None:
2020-12-06,"22:26:31,122",MV,1020,461,None:
2020-12-06,"22:26:31,130",MV,1030,456,None:
2020-12-06,"22:26:31,138",MV,1041,450,None:
2020-12-06,"22:26:31,146",MV,1055,443,None:
2020-12-06,"22:26:31,154",MV,1067,436,None:
2020-12-06,"22:26:31,162",MV,1079,429,None:
2020-12-06,"22:26:31,170",MV,1092,424,None:
2020-12-06,"22:26:31,178",MV,1104,417,None:
2020-12-06,"22:26:31,186",MV,1116,412,None:
2020-12-06,"22:26:31,194",MV,1127,406,None:
2020-12-06,"22:26:31,202",MV,1139,399,None:
2020-12-06,"22:26:31,210",MV,1145,396,None:
2020-12-06,"22:26:31,220",MV,1154,391,None:
2020-12-06,"22:26:31,228",MV,1165,385,None:
2020-12-06,"22:26:31,236",MV,1174,378,None:
2020-12-06,"22:26:31,242",MV,1180,375,None:
2020-12-06,"22:26:31,250",MV,1191,368,None:
2020-12-06,"22:26:31,258",MV,1203,359,None:
2020-12-06,"22:26:31,268",MV,1207,356,None:
2020-12-06,"22:26:31,276",MV,1217,349,None:
2020-12-06,"22:26:31,284",MV,1227,341,None:
2020-12-06,"22:26:31,292",MV,1233,337,None:
2020-12-06,"22:26:31,300",MV,1241,330,None:
2020-12-06,"22:26:31,308",MV,1247,327,None:
2020-12-06,"22:26:31,316",MV,1258,318,None:
2020-12-06,"22:26:31,324",MV,1262,315,None:
2020-12-06,"22:26:31,332",MV,1272,306,None:
2020-12-06,"22:26:31,340",MV,1276,303,None:
2020-12-06,"22:26:31,348",MV,1286,295,None:
2020-12-06,"22:26:31,356",MV,1291,292,None:
2020-12-06,"22:26:31,366",MV,1300,284,None:
2020-12-06,"22:26:31,372",MV,1304,279,None:
2020-12-06,"22:26:31,380",MV,1313,270,None:
2020-12-06,"22:26:31,388",MV,1319,266,None:
2020-12-06,"22:26:31,396",MV,1323,262,None:
2020-12-06,"22:26:31,404",MV,1330,254,None:
2020-12-06,"22:26:31,412",MV,1334,251,None:
2020-12-06,"22:26:31,420",MV,1336,248,None:
2020-12-06,"22:26:31,428",MV,1343,242,None:
2020-12-06,"22:26:31,436",MV,1345,238,None:
2020-12-06,"22:26:31,444",MV,1347,236,None:
2020-12-06,"22:26:31,452",MV,1352,230,None:
2020-12-06,"22:26:31,460",MV,1353,227,None:
2020-12-06,"22:26:31,468",MV,1355,225,None:
2020-12-06,"22:26:31,476",MV,1359,220,None:
2020-12-06,"22:26:31,484",MV,1360,217,None:
2020-12-06,"22:26:31,492",MV,1362,215,None:
2020-12-06,"22:26:31,500",MV,1363,213,None:
2020-12-06,"22:26:31,508",MV,1366,209,None:
2020-12-06,"22:26:31,518",MV,1368,207,None:
2020-12-06,"22:26:31,526",MV,1369,206,None:
2020-12-06,"22:26:31,534",MV,1370,203,None:
2020-12-06,"22:26:31,542",MV,1371,202,None:
2020-12-06,"22:26:31,548",MV,1371,201,None:
2020-12-06,"22:26:31,558",MV,1371,200,None:
2020-12-06,"22:26:31,574",MV,1371,199,None:
2020-12-06,"22:26:31,598",MV,1371,198,None:
2020-12-06,"22:26:31,606",MV,1371,197,None:
2020-12-06,"22:26:31,614",MV,1371,196,None:
2020-12-06,"22:26:31,622",MV,1371,195,None:
2020-12-06,"22:26:31,630",MV,1371,194,None:
2020-12-06,"22:26:31,638",MV,1371,193,None:
2020-12-06,"22:26:31,646",MV,1371,192,None:
2020-12-06,"22:26:31,654",MV,1372,190,None:
2020-12-06,"22:26:31,662",MV,1372,189,None:
2020-12-06,"22:26:31,672",MV,1374,186,None:
2020-12-06,"22:26:31,678",MV,1376,184,None:
2020-12-06,"22:26:31,686",MV,1377,183,None:
2020-12-06,"22:26:31,694",MV,1380,181,None:
2020-12-06,"22:26:31,702",MV,1381,179,None:
2020-12-06,"22:26:31,710",MV,1383,177,None:
2020-12-06,"22:26:31,718",MV,1385,175,None:
2020-12-06,"22:26:31,726",MV,1386,174,None:
2020-12-06,"22:26:31,734",MV,1387,173,None:
2020-12-06,"22:26:31,742",MV,1389,170,None:
2020-12-06,"22:26:31,750",MV,1390,169,None:
2020-12-06,"22:26:31,758",MV,1392,167,None:
2020-12-06,"22:26:31,766",MV,1393,165,None:
2020-12-06,"22:26:31,776",MV,1396,163,None:
2020-12-06,"22:26:31,782",MV,1397,162,None:
2020-12-06,"22:26:31,792",MV,1399,160,None:
2020-12-06,"22:26:31,800",MV,1402,158,None:
2020-12-06,"22:26:31,806",MV,1403,157,None:
2020-12-06,"22:26:31,814",MV,1406,155,None:
2020-12-06,"22:26:31,824",MV,1408,153,None:
2020-12-06,"22:26:31,832",MV,1410,152,None:
2020-12-06,"22:26:31,840",MV,1413,150,None:
2020-12-06,"22:26:31,848",MV,1415,148,None:
2020-12-06,"22:26:31,856",MV,1416,147,None:
2020-12-06,"22:26:31,864",MV,1418,145,None:
2020-12-06,"22:26:31,872",MV,1419,144,None:
2020-12-06,"22:26:31,880",MV,1420,143,None:
2020-12-06,"22:26:31,888",MV,1421,142,None:
2020-12-06,"22:26:31,904",MV,1422,141,None:
2020-12-06,"22:26:31,912",MV,1422,140,None:
2020-12-06,"22:26:31,920",MV,1423,140,None:
2020-12-06,"22:26:31,928",MV,1424,138,None:
2020-12-06,"22:26:31,944",MV,1425,137,None:
2020-12-06,"22:26:31,952",MV,1425,136,None:
2020-12-06,"22:26:31,960",MV,1426,136,None:
2020-12-06,"22:26:32,082",MV,1426,135,None:
2020-12-06,"22:26:32,088",MV,1426,135,None:
2020-12-06,"22:26:32,096",MV,1425,134,None:
2020-12-06,"22:26:32,112",MV,1425,133,None:
2020-12-06,"22:26:32,120",MV,1424,133,None:
2020-12-06,"22:26:32,154",MV,1424,132,None:
2020-12-06,"22:26:32,178",MV,1423,132,None:
2020-12-06,"22:26:32,186",MV,1423,131,None:
2020-12-06,"22:26:32,202",MV,1422,131,None:
2020-12-06,"22:26:32,210",MV,1422,130,None:
2020-12-06,"22:26:32,234",MV,1422,129,None:
2020-12-06,"22:26:32,242",MV,1421,129,None:
2020-12-06,"22:26:32,266",MV,1421,128,None:
2020-12-06,"22:26:32,274",CLK,1421,128,Button.left
2020-12-06,"22:26:32,298",MV,1421,127,None:
2020-12-06,"22:26:32,346",MV,1420,127,None:
2020-12-06,"22:26:32,362",RLS,1420,127,Button.left
2020-12-06,"22:26:32,492",MV,1420,127,None:
2020-12-06,"22:26:32,508",MV,1419,127,None:
2020-12-06,"22:26:32,516",MV,1417,127,None:
2020-12-06,"22:26:32,524",MV,1415,128,None:
2020-12-06,"22:26:32,532",MV,1413,129,None:
2020-12-06,"22:26:32,540",MV,1411,131,None:
2020-12-06,"22:26:32,548",MV,1409,132,None:
2020-12-06,"22:26:32,556",MV,1408,133,None:
2020-12-06,"22:26:32,564",MV,1404,135,None:
2020-12-06,"22:26:32,572",MV,1401,137,None:
2020-12-06,"22:26:32,580",MV,1395,142,None:
2020-12-06,"22:26:32,588",MV,1386,148,None:
2020-12-06,"22:26:32,596",MV,1378,154,None:
2020-12-06,"22:26:32,604",MV,1367,162,None:
2020-12-06,"22:26:32,612",MV,1352,173,None:
2020-12-06,"22:26:32,620",MV,1334,187,None:
2020-12-06,"22:26:32,628",MV,1298,213,None:
2020-12-06,"22:26:32,636",MV,1272,233,None:
2020-12-06,"22:26:32,644",MV,1250,251,None:
2020-12-06,"22:26:32,652",MV,1216,279,None:
2020-12-06,"22:26:32,662",MV,1186,301,None:
2020-12-06,"22:26:32,670",MV,1154,323,None:
2020-12-06,"22:26:32,676",MV,1120,347,None:
2020-12-06,"22:26:32,684",MV,1086,373,None:
2020-12-06,"22:26:32,694",MV,1048,397,None:
2020-12-06,"22:26:32,702",MV,1022,415,None:
2020-12-06,"22:26:32,710",MV,986,441,None:
2020-12-06,"22:26:32,718",MV,962,459,None:
2020-12-06,"22:26:32,726",MV,928,487,None:
2020-12-06,"22:26:32,734",MV,908,503,None:
2020-12-06,"22:26:32,742",MV,890,521,None:
2020-12-06,"22:26:32,750",MV,866,543,None:
2020-12-06,"22:26:32,758",MV,852,557,None:
2020-12-06,"22:26:32,766",MV,844,566,None:
2020-12-06,"22:26:32,774",MV,838,571,None:
2020-12-06,"22:26:32,782",MV,833,575,None:
2020-12-06,"22:26:32,790",MV,831,579,None:
2020-12-06,"22:26:32,800",MV,829,580,None:
2020-12-06,"22:26:32,806",MV,828,581,None:
2020-12-06,"22:26:32,984",MV,827,581,None:
2020-12-06,"22:26:33,000",MV,826,581,None:
2020-12-06,"22:26:33,008",MV,824,581,None:
2020-12-06,"22:26:33,016",MV,822,581,None:
2020-12-06,"22:26:33,024",MV,821,581,None:
2020-12-06,"22:26:33,032",MV,817,581,None:
2020-12-06,"22:26:33,040",MV,815,581,None:
2020-12-06,"22:26:33,048",MV,812,581,None:
2020-12-06,"22:26:33,056",MV,803,579,None:
2020-12-06,"22:26:33,064",MV,796,579,None:
2020-12-06,"22:26:33,072",MV,784,578,None:
2020-12-06,"22:26:33,080",MV,771,578,None:
2020-12-06,"22:26:33,088",MV,767,578,None:
2020-12-06,"22:26:33,096",MV,758,577,None:
2020-12-06,"22:26:33,106",MV,753,577,None:
2020-12-06,"22:26:33,112",MV,750,577,None:
2020-12-06,"22:26:33,120",MV,747,578,None:
2020-12-06,"22:26:33,128",MV,744,578,None:
2020-12-06,"22:26:33,136",MV,742,579,None:
2020-12-06,"22:26:33,144",MV,740,579,None:
2020-12-06,"22:26:33,152",MV,736,579,None:
2020-12-06,"22:26:33,160",MV,734,579,None:
2020-12-06,"22:26:33,168",MV,732,579,None:
2020-12-06,"22:26:33,176",MV,729,579,None:
2020-12-06,"22:26:33,184",MV,727,579,None:
2020-12-06,"22:26:33,192",MV,726,579,None:
2020-12-06,"22:26:33,200",MV,725,579,None:
2020-12-06,"22:26:33,210",MV,725,578,None:
2020-12-06,"22:26:33,290",MV,725,577,None:
2020-12-06,"22:26:33,298",MV,726,576,None:
2020-12-06,"22:26:33,306",MV,727,576,None:
2020-12-06,"22:26:33,314",MV,728,575,None:
2020-12-06,"22:26:33,322",MV,731,573,None:
2020-12-06,"22:26:33,330",MV,734,572,None:
2020-12-06,"22:26:33,338",MV,737,570,None:
2020-12-06,"22:26:33,346",MV,743,566,None:
2020-12-06,"22:26:33,354",MV,747,565,None:
2020-12-06,"22:26:33,362",MV,753,562,None:
2020-12-06,"22:26:33,370",MV,757,560,None:
2020-12-06,"22:26:33,378",MV,764,558,None:
2020-12-06,"22:26:33,386",MV,767,557,None:
2020-12-06,"22:26:33,394",MV,771,556,None:
2020-12-06,"22:26:33,402",MV,776,555,None:
2020-12-06,"22:26:33,410",MV,780,552,None:
2020-12-06,"22:26:33,418",MV,790,551,None:
2020-12-06,"22:26:33,426",MV,795,550,None:
2020-12-06,"22:26:33,434",MV,803,548,None:
2020-12-06,"22:26:33,442",MV,809,547,None:
2020-12-06,"22:26:33,450",MV,817,546,None:
2020-12-06,"22:26:33,458",MV,826,544,None:
2020-12-06,"22:26:33,466",MV,829,544,None:
2020-12-06,"22:26:33,474",MV,836,543,None:
2020-12-06,"22:26:33,482",MV,843,542,None:
2020-12-06,"22:26:33,490",MV,849,542,None:
2020-12-06,"22:26:33,500",MV,854,542,None:
2020-12-06,"22:26:33,508",MV,855,541,None:
2020-12-06,"22:26:33,516",MV,859,541,None:
2020-12-06,"22:26:33,524",MV,861,541,None:
2020-12-06,"22:26:33,530",MV,862,541,None:
2020-12-06,"22:26:33,538",MV,864,540,None:
2020-12-06,"22:26:33,548",MV,865,540,None:
2020-12-06,"22:26:33,564",MV,866,540,None:
